min_delta,max_lvn_ratio,min_impulse_size,min_impulse_score,take_profit,trailing_stop,stop_buffer,breakout_threshold,max_hunting_bars,total_trades,wins,losses,breakevens,win_rate,profit_factor,sharpe_ratio,avg_win,avg_loss,total_pnl,max_drawdown,rr_ratio,expectancy
10,0.25,20,2,15,5,2,2,300,6775,1502,5173,100,22.17,0.54,-3.67,4.57,-2.46,-5863.25,144417.00,1.86,-0.87
10,0.25,20,2,15,5,2,2,600,6780,1505,5175,100,22.20,0.54,-3.65,4.58,-2.46,-5843.75,144047.00,1.86,-0.86
10,0.25,20,2,15,5,3,2,300,6776,1827,4854,95,26.96,0.54,-3.95,4.68,-3.29,-7403.25,175169.00,1.42,-1.09
10,0.25,20,2,15,5,3,2,600,6779,1826,4858,95,26.94,0.54,-3.96,4.68,-3.29,-7420.50,175526.00,1.42,-1.09
10,0.25,20,2,15,6,2,2,300,6770,1374,5307,89,20.30,0.57,-3.31,5.58,-2.54,-5834.50,144116.00,2.19,-0.86
10,0.25,20,2,15,6,2,2,600,6775,1377,5309,89,20.32,0.57,-3.29,5.58,-2.54,-5812.75,143701.00,2.20,-0.86
10,0.25,20,2,15,6,3,2,300,6787,1701,5018,68,25.06,0.59,-3.32,5.87,-3.38,-6961.25,166933.00,1.74,-1.03
10,0.25,20,2,15,6,3,2,600,6791,1702,5021,68,25.06,0.59,-3.32,5.87,-3.38,-6966.75,167059.00,1.74,-1.03
10,0.25,20,2,15,8,2,2,300,6780,1186,5528,66,17.49,0.61,-2.83,7.39,-2.61,-5638.25,140309.00,2.84,-0.83
10,0.25,20,2,15,8,2,2,600,6783,1186,5531,66,17.48,0.61,-2.83,7.41,-2.61,-5635.50,140266.00,2.84,-0.83
10,0.25,20,2,15,8,3,2,300,6736,1484,5211,41,22.03,0.64,-2.78,7.88,-3.51,-6571.25,158673.00,2.25,-0.98
10,0.25,20,2,15,8,3,2,600,6739,1483,5215,41,22.01,0.64,-2.78,7.89,-3.51,-6592.75,159115.00,2.25,-0.98
10,0.25,20,2,15,10,2,2,300,6731,1025,5644,62,15.23,0.64,-2.51,9.34,-2.65,-5362.00,134951.00,3.53,-0.80
10,0.25,20,2,15,10,2,2,600,6733,1026,5645,62,15.24,0.64,-2.50,9.35,-2.65,-5357.00,134859.00,3.53,-0.80
10,0.25,20,2,15,10,3,2,300,6687,1308,5342,37,19.56,0.68,-2.40,9.90,-3.57,-6115.75,150046.00,2.77,-0.91
10,0.25,20,2,15,10,3,2,600,6690,1307,5346,37,19.54,0.68,-2.41,9.90,-3.57,-6137.00,150483.00,2.77,-0.92
10,0.25,20,2,20,5,2,2,300,6783,1508,5176,99,22.23,0.53,-3.72,4.51,-2.46,-5936.25,145909.00,1.83,-0.88
10,0.25,20,2,20,5,2,2,600,6788,1511,5178,99,22.26,0.54,-3.69,4.52,-2.46,-5911.75,145439.00,1.84,-0.87
10,0.25,20,2,20,5,3,2,300,6780,1823,4862,95,26.89,0.53,-4.06,4.62,-3.30,-7606.75,179255.00,1.40,-1.12
10,0.25,20,2,20,5,3,2,600,6783,1822,4866,95,26.86,0.52,-4.07,4.62,-3.30,-7624.00,179612.00,1.40,-1.12
10,0.25,20,2,20,6,2,2,300,6807,1389,5331,87,20.41,0.56,-3.29,5.50,-2.54,-5917.00,146005.00,2.16,-0.87
10,0.25,20,2,20,6,2,2,600,6812,1392,5333,87,20.43,0.57,-3.27,5.51,-2.54,-5890.25,145490.00,2.17,-0.86
10,0.25,20,2,20,6,3,2,300,6792,1689,5035,68,24.87,0.58,-3.38,5.82,-3.38,-7164.00,171016.00,1.72,-1.05
10,0.25,20,2,20,6,3,2,600,6796,1690,5038,68,24.87,0.58,-3.38,5.82,-3.37,-7164.00,171032.00,1.73,-1.05
10,0.25,20,2,20,8,2,2,300,6777,1209,5507,61,17.84,0.62,-2.60,7.39,-2.61,-5433.00,136037.00,2.83,-0.80
10,0.25,20,2,20,8,2,2,600,6783,1209,5513,61,17.82,0.62,-2.61,7.39,-2.61,-5454.75,136496.00,2.83,-0.80
10,0.25,20,2,20,8,3,2,300,6747,1484,5221,42,21.99,0.64,-2.62,7.94,-3.50,-6488.00,156897.00,2.27,-0.96
10,0.25,20,2,20,8,3,2,600,6750,1485,5223,42,22.00,0.65,-2.62,7.94,-3.50,-6479.25,156734.00,2.27,-0.96
10,0.25,20,2,20,10,2,2,300,6731,1037,5638,56,15.41,0.64,-2.36,9.22,-2.64,-5344.00,134596.00,3.49,-0.79
10,0.25,20,2,20,10,2,2,600,6736,1036,5644,56,15.38,0.64,-2.38,9.21,-2.65,-5384.75,135431.00,3.48,-0.80
10,0.25,20,2,20,10,3,2,300,6681,1307,5335,39,19.56,0.66,-2.44,9.62,-3.57,-6478.75,157516.00,2.69,-0.97
10,0.25,20,2,20,10,3,2,600,6685,1308,5338,39,19.57,0.66,-2.44,9.62,-3.57,-6477.75,157512.00,2.69,-0.97
10,0.25,20,2,25,5,2,2,300,6781,1506,5176,99,22.21,0.53,-3.79,4.47,-2.46,-6005.25,147281.00,1.82,-0.89
10,0.25,20,2,25,5,2,2,600,6786,1509,5178,99,22.24,0.53,-3.77,4.48,-2.46,-5982.50,146846.00,1.82,-0.88
10,0.25,20,2,25,5,3,2,300,6781,1823,4865,93,26.88,0.52,-4.12,4.59,-3.30,-7673.75,180599.00,1.39,-1.13
10,0.25,20,2,25,5,3,2,600,6784,1822,4869,93,26.86,0.52,-4.13,4.59,-3.30,-7691.00,180956.00,1.39,-1.13
10,0.25,20,2,25,6,2,2,300,6804,1385,5332,87,20.36,0.55,-3.39,5.44,-2.55,-6045.00,148610.00,2.14,-0.89
10,0.25,20,2,25,6,2,2,600,6809,1388,5334,87,20.38,0.56,-3.37,5.44,-2.54,-6021.00,148150.00,2.14,-0.88
10,0.25,20,2,25,6,3,2,300,6792,1678,5047,67,24.71,0.57,-3.50,5.76,-3.38,-7406.75,175941.00,1.70,-1.09
10,0.25,20,2,25,6,3,2,600,6796,1679,5050,67,24.71,0.57,-3.50,5.76,-3.38,-7406.75,175957.00,1.70,-1.09
10,0.25,20,2,25,8,2,2,300,6769,1218,5489,62,17.99,0.61,-2.64,7.22,-2.61,-5525.00,137845.00,2.77,-0.82
10,0.25,20,2,25,8,2,2,600,6772,1218,5492,62,17.99,0.61,-2.66,7.22,-2.61,-5549.25,138342.00,2.76,-0.82
10,0.25,20,2,25,8,3,2,300,6778,1485,5251,42,21.91,0.63,-2.73,7.81,-3.51,-6816.50,163591.00,2.23,-1.01
10,0.25,20,2,25,8,3,2,600,6780,1484,5254,42,21.89,0.63,-2.74,7.82,-3.51,-6836.25,163994.00,2.23,-1.01
10,0.25,20,2,25,10,2,2,300,6737,1047,5634,56,15.54,0.62,-2.50,8.83,-2.65,-5687.25,141685.00,3.33,-0.84
10,0.25,20,2,25,10,2,2,600,6739,1046,5637,56,15.52,0.62,-2.52,8.82,-2.65,-5725.75,142463.00,3.33,-0.85
10,0.25,20,2,25,10,3,2,300,6727,1309,5380,38,19.46,0.64,-2.53,9.44,-3.57,-6856.50,165233.00,2.64,-1.02
10,0.25,20,2,25,10,3,2,600,6730,1308,5384,38,19.44,0.64,-2.54,9.44,-3.57,-6880.00,165715.00,2.64,-1.02
10,0.25,20,2,30,5,2,2,300,6781,1503,5179,99,22.16,0.53,-3.79,4.48,-2.46,-6021.75,147611.00,1.82,-0.89
10,0.25,20,2,30,5,2,2,600,6786,1506,5181,99,22.19,0.53,-3.77,4.49,-2.46,-5999.00,147176.00,1.82,-0.88
10,0.25,20,2,30,5,3,2,300,6782,1823,4865,94,26.88,0.52,-4.11,4.59,-3.30,-7676.50,180658.00,1.39,-1.13
10,0.25,20,2,30,5,3,2,600,6785,1822,4869,94,26.85,0.52,-4.12,4.59,-3.30,-7693.75,181015.00,1.39,-1.13
10,0.25,20,2,30,6,2,2,300,6818,1389,5342,87,20.37,0.55,-3.42,5.40,-2.55,-6092.50,149616.00,2.12,-0.89
10,0.25,20,2,30,6,2,2,600,6823,1392,5344,87,20.40,0.55,-3.40,5.41,-2.54,-6068.50,149156.00,2.13,-0.89
10,0.25,20,2,30,6,3,2,300,6813,1681,5065,67,24.67,0.56,-3.52,5.75,-3.38,-7464.00,177170.00,1.70,-1.10
10,0.25,20,2,30,6,3,2,600,6817,1682,5068,67,24.67,0.56,-3.52,5.75,-3.38,-7464.00,177186.00,1.70,-1.09
10,0.25,20,2,30,8,2,2,300,6798,1216,5517,65,17.89,0.60,-2.73,7.15,-2.61,-5720.25,141866.00,2.74,-0.84
10,0.25,20,2,30,8,2,2,600,6802,1216,5521,65,17.88,0.60,-2.74,7.14,-2.61,-5738.75,142252.00,2.73,-0.84
10,0.25,20,2,30,8,3,2,300,6793,1501,5250,42,22.10,0.63,-2.74,7.71,-3.51,-6830.50,163931.00,2.20,-1.01
10,0.25,20,2,30,8,3,2,600,6796,1501,5253,42,22.09,0.63,-2.74,7.71,-3.51,-6841.00,164153.00,2.20,-1.01
10,0.25,20,2,30,10,2,2,300,6747,1039,5655,53,15.40,0.61,-2.60,8.73,-2.65,-5917.00,146130.00,3.29,-0.88
10,0.25,20,2,30,10,2,2,600,6750,1038,5659,53,15.38,0.60,-2.61,8.73,-2.65,-5947.75,146757.00,3.29,-0.88
10,0.25,20,2,30,10,3,2,300,6705,1294,5376,35,19.30,0.63,-2.65,9.30,-3.57,-7165.50,170772.00,2.60,-1.07
10,0.25,20,2,30,10,3,2,600,6709,1294,5380,35,19.29,0.63,-2.65,9.30,-3.57,-7181.75,171113.00,2.60,-1.07
10,0.25,20,3,15,5,2,2,300,4135,913,3163,59,22.08,0.51,-4.06,4.36,-2.48,-3857.00,93849.00,1.76,-0.93
10,0.25,20,3,15,5,2,2,600,4138,913,3166,59,22.06,0.51,-4.06,4.36,-2.48,-3859.75,93916.00,1.76,-0.93
10,0.25,20,3,15,5,3,2,300,4144,1167,2928,49,28.16,0.58,-3.45,4.80,-3.29,-4029.75,97528.00,1.46,-0.97
10,0.25,20,3,15,5,3,2,600,4147,1167,2931,49,28.14,0.58,-3.45,4.80,-3.29,-4035.50,97655.00,1.46,-0.97
10,0.25,20,3,15,6,2,2,300,4164,819,3288,57,19.67,0.54,-3.62,5.50,-2.54,-3831.75,93444.00,2.17,-0.92
10,0.25,20,3,15,6,2,2,600,4167,819,3291,57,19.65,0.54,-3.62,5.50,-2.53,-3834.50,93511.00,2.17,-0.92
10,0.25,20,3,15,6,3,2,300,4142,1095,2992,55,26.44,0.63,-2.95,5.85,-3.41,-3808.25,92826.00,1.71,-0.92
10,0.25,20,3,15,6,3,2,600,4145,1095,2995,55,26.42,0.63,-2.95,5.85,-3.41,-3814.00,92953.00,1.71,-0.92
10,0.25,20,3,15,8,2,2,300,4137,716,3383,38,17.31,0.62,-2.74,7.59,-2.60,-3353.25,83897.00,2.92,-0.81
10,0.25,20,3,15,8,2,2,600,4140,716,3386,38,17.29,0.62,-2.74,7.59,-2.60,-3356.00,83964.00,2.92,-0.81
10,0.25,20,3,15,8,3,2,300,4153,924,3201,28,22.25,0.66,-2.61,7.98,-3.50,-3840.50,93927.00,2.28,-0.92
10,0.25,20,3,15,8,3,2,600,4156,924,3204,28,22.23,0.66,-2.61,7.98,-3.50,-3846.25,94054.00,2.28,-0.93
10,0.25,20,3,15,10,2,2,300,4152,646,3467,39,15.56,0.64,-2.49,9.17,-2.66,-3282.00,82935.00,3.45,-0.79
10,0.25,20,3,15,10,2,2,600,4155,646,3470,39,15.55,0.64,-2.49,9.17,-2.65,-3284.75,83002.00,3.46,-0.79
10,0.25,20,3,15,10,3,2,300,4149,849,3277,23,20.46,0.71,-2.14,9.74,-3.56,-3409.75,85741.00,2.73,-0.82
10,0.25,20,3,15,10,3,2,600,4152,849,3280,23,20.45,0.71,-2.15,9.74,-3.56,-3415.50,85868.00,2.73,-0.82
10,0.25,20,3,20,5,2,2,300,4127,914,3154,59,22.15,0.50,-4.16,4.28,-2.48,-3896.00,94477.00,1.73,-0.94
10,0.25,20,3,20,5,2,2,600,4130,914,3157,59,22.13,0.50,-4.16,4.28,-2.47,-3898.75,94544.00,1.73,-0.94
10,0.25,20,3,20,5,3,2,300,4142,1169,2924,49,28.22,0.57,-3.62,4.67,-3.29,-4156.25,99722.00,1.42,-1.00
10,0.25,20,3,20,5,3,2,600,4145,1169,2927,49,28.20,0.57,-3.62,4.67,-3.29,-4162.00,99849.00,1.42,-1.00
10,0.25,20,3,20,6,2,2,300,4146,820,3271,55,19.78,0.53,-3.74,5.34,-2.54,-3926.75,95272.00,2.10,-0.95
10,0.25,20,3,20,6,2,2,600,4149,820,3274,55,19.76,0.53,-3.74,5.34,-2.54,-3929.50,95339.00,2.11,-0.95
10,0.25,20,3,20,6,3,2,300,4128,1092,2981,55,26.45,0.60,-3.17,5.63,-3.41,-4020.25,97010.00,1.65,-0.97
10,0.25,20,3,20,6,3,2,600,4131,1092,2984,55,26.43,0.60,-3.17,5.63,-3.41,-4026.00,97137.00,1.65,-0.97
10,0.25,20,3,20,8,2,2,300,4113,709,3364,40,17.24,0.59,-2.92,7.24,-2.59,-3594.50,88444.00,2.79,-0.87
10,0.25,20,3,20,8,2,2,600,4116,709,3367,40,17.23,0.59,-2.92,7.24,-2.59,-3597.25,88511.00,2.79,-0.87
10,0.25,20,3,20,8,3,2,300,4112,938,3151,23,22.81,0.65,-2.61,7.63,-3.50,-3882.25,94204.00,2.18,-0.94
10,0.25,20,3,20,8,3,2,600,4115,938,3154,23,22.79,0.65,-2.62,7.63,-3.50,-3888.00,94331.00,2.18,-0.94
10,0.25,20,3,20,10,2,2,300,4144,650,3456,38,15.69,0.62,-2.59,8.71,-2.66,-3529.50,87791.00,3.27,-0.85
10,0.25,20,3,20,10,2,2,600,4147,650,3459,38,15.67,0.62,-2.59,8.71,-2.66,-3532.25,87858.00,3.28,-0.85
10,0.25,20,3,20,10,3,2,300,4135,857,3259,19,20.73,0.68,-2.23,9.25,-3.56,-3673.00,90666.00,2.60,-0.89
10,0.25,20,3,20,10,3,2,600,4138,857,3262,19,20.71,0.68,-2.24,9.25,-3.56,-3678.75,90793.00,2.60,-0.89
10,0.25,20,3,25,5,2,2,300,4130,912,3159,59,22.08,0.50,-4.22,4.26,-2.48,-3936.50,95299.00,1.72,-0.95
10,0.25,20,3,25,5,2,2,600,4133,912,3162,59,22.07,0.50,-4.22,4.26,-2.48,-3939.25,95366.00,1.72,-0.95
10,0.25,20,3,25,5,3,2,300,4153,1168,2936,49,28.12,0.56,-3.70,4.64,-3.29,-4231.00,101261.00,1.41,-1.02
10,0.25,20,3,25,5,3,2,600,4156,1168,2939,49,28.10,0.56,-3.70,4.64,-3.29,-4236.75,101388.00,1.41,-1.02
10,0.25,20,3,25,6,2,2,300,4153,821,3275,57,19.77,0.52,-3.77,5.31,-2.54,-3967.75,96120.00,2.09,-0.96
10,0.25,20,3,25,6,2,2,600,4156,821,3278,57,19.75,0.52,-3.77,5.31,-2.54,-3970.50,96187.00,2.09,-0.96
10,0.25,20,3,25,6,3,2,300,4141,1093,2992,56,26.39,0.60,-3.26,5.57,-3.41,-4126.00,99177.00,1.63,-1.00
10,0.25,20,3,25,6,3,2,600,4144,1093,2995,56,26.38,0.60,-3.26,5.57,-3.41,-4131.75,99304.00,1.63,-1.00
10,0.25,20,3,25,8,2,2,300,4105,711,3354,40,17.32,0.60,-2.77,7.32,-2.60,-3501.25,86547.00,2.82,-0.85
10,0.25,20,3,25,8,2,2,600,4108,711,3357,40,17.31,0.60,-2.77,7.32,-2.59,-3504.00,86614.00,2.82,-0.85
10,0.25,20,3,25,8,3,2,300,4109,935,3150,24,22.75,0.64,-2.64,7.57,-3.50,-3949.00,95527.00,2.16,-0.96
10,0.25,20,3,25,8,3,2,600,4112,935,3153,24,22.74,0.64,-2.64,7.57,-3.50,-3954.75,95654.00,2.16,-0.96
10,0.25,20,3,25,10,2,2,300,4143,651,3455,37,15.71,0.61,-2.58,8.60,-2.66,-3594.50,89467.00,3.23,-0.87
10,0.25,20,3,25,10,2,2,600,4146,651,3458,37,15.70,0.61,-2.58,8.60,-2.66,-3597.25,89534.00,3.23,-0.87
10,0.25,20,3,25,10,3,2,300,4148,849,3280,19,20.47,0.66,-2.35,9.13,-3.56,-3923.50,95979.00,2.56,-0.95
10,0.25,20,3,25,10,3,2,600,4151,849,3283,19,20.45,0.66,-2.35,9.13,-3.56,-3929.25,96106.00,2.57,-0.95
10,0.25,20,3,30,5,2,2,300,4130,912,3159,59,22.08,0.50,-4.22,4.26,-2.48,-3938.75,95344.00,1.72,-0.95
10,0.25,20,3,30,5,2,2,600,4133,912,3162,59,22.07,0.50,-4.23,4.26,-2.47,-3941.50,95411.00,1.72,-0.95
10,0.25,20,3,30,5,3,2,300,4155,1168,2938,49,28.11,0.56,-3.74,4.62,-3.29,-4257.00,101789.00,1.41,-1.02
10,0.25,20,3,30,5,3,2,600,4158,1168,2941,49,28.09,0.56,-3.74,4.62,-3.29,-4262.75,101916.00,1.41,-1.03
10,0.25,20,3,30,6,2,2,300,4156,823,3277,56,19.80,0.53,-3.70,5.34,-2.54,-3938.00,95537.00,2.10,-0.95
10,0.25,20,3,30,6,2,2,600,4159,823,3280,56,19.79,0.53,-3.71,5.34,-2.54,-3940.75,95604.00,2.10,-0.95
10,0.25,20,3,30,6,3,2,300,4144,1095,2992,57,26.42,0.60,-3.27,5.55,-3.41,-4132.00,99309.00,1.63,-1.00
10,0.25,20,3,30,6,3,2,600,4147,1095,2995,57,26.40,0.59,-3.27,5.55,-3.41,-4137.75,99436.00,1.63,-1.00
10,0.25,20,3,30,8,2,2,300,4109,711,3359,39,17.30,0.60,-2.72,7.32,-2.60,-3515.75,86853.00,2.82,-0.86
10,0.25,20,3,30,8,2,2,600,4112,711,3362,39,17.29,0.60,-2.72,7.32,-2.60,-3518.50,86920.00,2.82,-0.86
10,0.25,20,3,30,8,3,2,300,4116,939,3153,24,22.81,0.64,-2.59,7.55,-3.49,-3915.75,94890.00,2.16,-0.95
10,0.25,20,3,30,8,3,2,600,4119,939,3156,24,22.80,0.64,-2.60,7.55,-3.49,-3921.50,95017.00,2.16,-0.95
10,0.25,20,3,30,10,2,2,300,4159,647,3475,37,15.56,0.60,-2.64,8.51,-2.66,-3724.75,91717.00,3.20,-0.90
10,0.25,20,3,30,10,2,2,600,4162,647,3478,37,15.55,0.60,-2.64,8.51,-2.65,-3727.50,91784.00,3.21,-0.90
10,0.25,20,3,30,10,3,2,300,4148,855,3273,20,20.61,0.65,-2.39,8.87,-3.54,-4002.75,97324.00,2.51,-0.96
10,0.25,20,3,30,10,3,2,600,4151,855,3276,20,20.60,0.65,-2.40,8.87,-3.54,-4008.50,97451.00,2.51,-0.97
15,0.25,20,2,15,5,2,2,300,4836,1037,3735,64,21.44,0.52,-3.95,4.53,-2.44,-4398.00,107549.00,1.86,-0.91
15,0.25,20,2,15,5,2,2,600,4837,1037,3736,64,21.44,0.52,-3.95,4.53,-2.44,-4401.75,107628.00,1.86,-0.91
15,0.25,20,2,15,5,3,2,300,4858,1279,3501,78,26.33,0.53,-3.99,4.80,-3.28,-5359.50,126985.00,1.46,-1.10
15,0.25,20,2,15,5,3,2,600,4861,1279,3504,78,26.31,0.53,-4.00,4.80,-3.28,-5370.00,127207.00,1.46,-1.10
15,0.25,20,2,15,6,2,2,300,4822,928,3834,60,19.25,0.55,-3.42,5.72,-2.50,-4268.25,105244.00,2.29,-0.89
15,0.25,20,2,15,6,2,2,600,4823,928,3835,60,19.24,0.55,-3.42,5.72,-2.50,-4272.00,105323.00,2.29,-0.89
15,0.25,20,2,15,6,3,2,300,4809,1181,3582,46,24.56,0.59,-3.35,6.00,-3.38,-5007.75,120291.00,1.78,-1.04
15,0.25,20,2,15,6,3,2,600,4811,1181,3584,46,24.55,0.59,-3.35,6.00,-3.38,-5016.25,120469.00,1.78,-1.04
15,0.25,20,2,15,8,2,2,300,4783,811,3933,39,16.96,0.62,-2.69,7.71,-2.56,-3810.50,95973.00,3.01,-0.80
15,0.25,20,2,15,8,2,2,600,4784,811,3934,39,16.95,0.62,-2.69,7.71,-2.56,-3814.25,96052.00,3.01,-0.80
15,0.25,20,2,15,8,3,2,300,4784,1004,3753,27,20.99,0.63,-2.90,8.11,-3.46,-4855.50,116835.00,2.34,-1.01
15,0.25,20,2,15,8,3,2,600,4786,1004,3755,27,20.98,0.63,-2.91,8.11,-3.46,-4864.00,117013.00,2.34,-1.02
15,0.25,20,2,15,10,2,2,300,4782,714,4030,38,14.93,0.64,-2.47,9.51,-2.62,-3747.75,95037.00,3.64,-0.78
15,0.25,20,2,15,10,2,2,600,4783,714,4031,38,14.93,0.64,-2.47,9.51,-2.62,-3751.50,95116.00,3.64,-0.78
15,0.25,20,2,15,10,3,2,300,4775,910,3844,21,19.06,0.65,-2.64,9.81,-3.55,-4724.50,115039.00,2.76,-0.99
15,0.25,20,2,15,10,3,2,600,4777,910,3846,21,19.05,0.65,-2.65,9.81,-3.55,-4733.00,115217.00,2.76,-0.99
15,0.25,20,2,20,5,2,2,300,4831,1041,3723,67,21.55,0.52,-3.85,4.53,-2.43,-4339.50,106359.00,1.86,-0.90
15,0.25,20,2,20,5,2,2,600,4832,1041,3724,67,21.54,0.52,-3.85,4.53,-2.43,-4343.25,106438.00,1.86,-0.90
15,0.25,20,2,20,5,3,2,300,4853,1286,3485,82,26.50,0.53,-4.07,4.68,-3.28,-5411.75,127940.00,1.43,-1.12
15,0.25,20,2,20,5,3,2,600,4856,1286,3488,82,26.48,0.53,-4.08,4.68,-3.28,-5422.25,128162.00,1.43,-1.12
15,0.25,20,2,20,6,2,2,300,4809,931,3816,62,19.36,0.56,-3.33,5.71,-2.51,-4241.75,104662.00,2.28,-0.88
15,0.25,20,2,20,6,2,2,600,4810,931,3817,62,19.36,0.56,-3.33,5.71,-2.51,-4245.50,104741.00,2.28,-0.88
15,0.25,20,2,20,6,3,2,300,4810,1190,3574,46,24.74,0.57,-3.44,5.83,-3.39,-5170.25,123396.00,1.72,-1.07
15,0.25,20,2,20,6,3,2,600,4812,1190,3576,46,24.73,0.57,-3.45,5.83,-3.39,-5178.75,123574.00,1.72,-1.08
15,0.25,20,2,20,8,2,2,300,4780,811,3930,39,16.97,0.61,-2.66,7.59,-2.56,-3897.75,97551.00,2.97,-0.82
15,0.25,20,2,20,8,2,2,600,4781,811,3931,39,16.96,0.61,-2.67,7.59,-2.56,-3901.50,97630.00,2.97,-0.82
15,0.25,20,2,20,8,3,2,300,4761,1008,3728,25,21.17,0.62,-2.87,7.96,-3.47,-4931.50,118100.00,2.29,-1.04
15,0.25,20,2,20,8,3,2,600,4763,1008,3730,25,21.16,0.62,-2.87,7.96,-3.47,-4940.00,118278.00,2.29,-1.04
15,0.25,20,2,20,10,2,2,300,4768,705,4027,36,14.79,0.64,-2.38,9.49,-2.61,-3803.75,96106.00,3.64,-0.80
15,0.25,20,2,20,10,2,2,600,4769,705,4028,36,14.78,0.64,-2.38,9.49,-2.61,-3807.50,96185.00,3.64,-0.80
15,0.25,20,2,20,10,3,2,300,4775,906,3849,20,18.97,0.64,-2.63,9.63,-3.55,-4926.25,118848.00,2.71,-1.03
15,0.25,20,2,20,10,3,2,600,4777,906,3851,20,18.97,0.64,-2.64,9.63,-3.55,-4934.75,119026.00,2.71,-1.03
15,0.25,20,2,25,5,2,2,300,4831,1037,3727,67,21.47,0.52,-3.93,4.50,-2.43,-4392.75,107424.00,1.85,-0.91
15,0.25,20,2,25,5,2,2,600,4832,1037,3728,67,21.46,0.51,-3.94,4.50,-2.43,-4396.50,107503.00,1.85,-0.91
15,0.25,20,2,25,5,3,2,300,4855,1285,3489,81,26.47,0.52,-4.13,4.66,-3.28,-5468.25,129078.00,1.42,-1.13
15,0.25,20,2,25,5,3,2,600,4858,1285,3492,81,26.45,0.52,-4.13,4.66,-3.28,-5478.75,129300.00,1.42,-1.13
15,0.25,20,2,25,6,2,2,300,4816,932,3822,62,19.35,0.55,-3.41,5.64,-2.51,-4319.25,106240.00,2.25,-0.90
15,0.25,20,2,25,6,2,2,600,4817,932,3823,62,19.35,0.55,-3.41,5.64,-2.51,-4323.00,106319.00,2.25,-0.90
15,0.25,20,2,25,6,3,2,300,4814,1188,3580,46,24.68,0.56,-3.54,5.77,-3.39,-5282.00,125647.00,1.70,-1.10
15,0.25,20,2,25,6,3,2,600,4816,1188,3582,46,24.67,0.56,-3.54,5.77,-3.39,-5290.50,125825.00,1.70,-1.10
15,0.25,20,2,25,8,2,2,300,4772,810,3922,40,16.97,0.61,-2.67,7.53,-2.56,-3938.75,98339.00,2.94,-0.83
15,0.25,20,2,25,8,2,2,600,4773,810,3923,40,16.97,0.61,-2.67,7.53,-2.56,-3942.50,98418.00,2.94,-0.83
15,0.25,20,2,25,8,3,2,300,4757,1004,3726,27,21.11,0.61,-2.89,7.88,-3.46,-5001.00,119474.00,2.27,-1.05
15,0.25,20,2,25,8,3,2,600,4759,1004,3728,27,21.10,0.61,-2.89,7.88,-3.46,-5009.50,119652.00,2.27,-1.05
15,0.25,20,2,25,10,2,2,300,4763,707,4019,37,14.84,0.63,-2.38,9.36,-2.61,-3877.75,97766.00,3.58,-0.81
15,0.25,20,2,25,10,2,2,600,4764,707,4020,37,14.84,0.63,-2.38,9.36,-2.61,-3881.50,97845.00,3.58,-0.81
15,0.25,20,2,25,10,3,2,300,4755,897,3838,20,18.86,0.62,-2.76,9.40,-3.55,-5182.50,123901.00,2.65,-1.09
15,0.25,20,2,25,10,3,2,600,4757,897,3840,20,18.86,0.62,-2.76,9.40,-3.55,-5191.00,124079.00,2.65,-1.09
15,0.25,20,2,30,5,2,2,300,4829,1035,3727,67,21.43,0.51,-3.94,4.50,-2.43,-4409.50,107751.00,1.85,-0.91
15,0.25,20,2,30,5,2,2,600,4830,1035,3728,67,21.43,0.51,-3.95,4.50,-2.43,-4413.25,107830.00,1.85,-0.91
15,0.25,20,2,30,5,3,2,300,4851,1284,3486,81,26.47,0.52,-4.13,4.66,-3.29,-5477.25,129242.00,1.42,-1.13
15,0.25,20,2,30,5,3,2,600,4854,1284,3489,81,26.45,0.52,-4.14,4.66,-3.29,-5487.75,129464.00,1.42,-1.13
15,0.25,20,2,30,6,2,2,300,4819,932,3825,62,19.34,0.55,-3.37,5.66,-2.50,-4301.50,105897.00,2.26,-0.89
15,0.25,20,2,30,6,2,2,600,4820,932,3826,62,19.34,0.55,-3.37,5.66,-2.50,-4305.25,105976.00,2.26,-0.89
15,0.25,20,2,30,6,3,2,300,4821,1193,3582,46,24.75,0.57,-3.52,5.76,-3.39,-5264.75,125330.00,1.70,-1.09
15,0.25,20,2,30,6,3,2,600,4823,1193,3584,46,24.74,0.57,-3.53,5.76,-3.39,-5273.25,125508.00,1.70,-1.09
15,0.25,20,2,30,8,2,2,300,4788,816,3932,40,17.04,0.61,-2.62,7.53,-2.56,-3905.50,97738.00,2.95,-0.82
15,0.25,20,2,30,8,2,2,600,4789,816,3933,40,17.04,0.61,-2.62,7.53,-2.56,-3909.25,97817.00,2.95,-0.82
15,0.25,20,2,30,8,3,2,300,4769,1006,3736,27,21.09,0.61,-2.86,7.89,-3.46,-4984.75,119197.00,2.28,-1.05
15,0.25,20,2,30,8,3,2,600,4771,1006,3738,27,21.09,0.61,-2.86,7.89,-3.46,-4993.25,119375.00,2.28,-1.05
15,0.25,20,2,30,10,2,2,300,4774,709,4030,35,14.85,0.63,-2.36,9.31,-2.61,-3918.00,98425.00,3.57,-0.82
15,0.25,20,2,30,10,2,2,600,4775,709,4031,35,14.85,0.63,-2.37,9.31,-2.61,-3921.75,98504.00,3.57,-0.82
15,0.25,20,2,30,10,3,2,300,4766,900,3847,19,18.88,0.63,-2.60,9.55,-3.54,-5034.00,120623.00,2.70,-1.06
15,0.25,20,2,30,10,3,2,600,4768,900,3849,19,18.88,0.63,-2.60,9.55,-3.54,-5042.50,120801.00,2.70,-1.06
15,0.25,20,3,15,5,2,2,300,3070,668,2358,44,21.76,0.51,-4.06,4.48,-2.49,-2873.25,69745.00,1.80,-0.94
15,0.25,20,3,15,5,2,2,600,3072,668,2360,44,21.74,0.51,-4.06,4.48,-2.49,-2877.75,69843.00,1.80,-0.94
15,0.25,20,3,15,5,3,2,300,3057,856,2156,45,28.00,0.57,-3.62,4.72,-3.30,-3077.25,73773.00,1.43,-1.01
15,0.25,20,3,15,5,3,2,600,3058,856,2157,45,27.99,0.57,-3.62,4.72,-3.30,-3080.00,73832.00,1.43,-1.01
15,0.25,20,3,15,6,2,2,300,3035,594,2396,45,19.57,0.55,-3.48,5.66,-2.55,-2741.75,67179.00,2.22,-0.90
15,0.25,20,3,15,6,2,2,600,3037,594,2398,45,19.56,0.55,-3.49,5.66,-2.55,-2746.25,67277.00,2.22,-0.90
15,0.25,20,3,15,6,3,2,300,3027,820,2175,32,27.09,0.64,-2.81,5.81,-3.43,-2688.75,66067.00,1.70,-0.89
15,0.25,20,3,15,6,3,2,600,3028,820,2176,32,27.08,0.64,-2.81,5.81,-3.43,-2691.50,66126.00,1.70,-0.89
15,0.25,20,3,15,8,2,2,300,3047,527,2491,29,17.30,0.63,-2.66,7.73,-2.61,-2422.50,60828.00,2.96,-0.80
15,0.25,20,3,15,8,2,2,600,3049,527,2493,29,17.28,0.63,-2.67,7.73,-2.61,-2427.00,60926.00,2.96,-0.80
15,0.25,20,3,15,8,3,2,300,3048,696,2329,23,22.83,0.67,-2.48,7.92,-3.52,-2691.00,66142.00,2.25,-0.88
15,0.25,20,3,15,8,3,2,600,3049,696,2330,23,22.83,0.67,-2.48,7.92,-3.52,-2693.75,66201.00,2.25,-0.88
15,0.25,20,3,15,10,2,2,300,3036,476,2533,27,15.68,0.65,-2.46,9.11,-2.65,-2372.50,60187.00,3.44,-0.78
15,0.25,20,3,15,10,2,2,600,3038,476,2535,27,15.67,0.65,-2.47,9.11,-2.65,-2377.00,60285.00,3.44,-0.78
15,0.25,20,3,15,10,3,2,300,3031,639,2377,15,21.08,0.71,-2.13,9.56,-3.62,-2487.25,62362.00,2.64,-0.82
15,0.25,20,3,15,10,3,2,600,3032,639,2378,15,21.08,0.71,-2.13,9.56,-3.62,-2490.00,62421.00,2.64,-0.82
15,0.25,20,3,20,5,2,2,300,3074,670,2360,44,21.80,0.50,-4.21,4.36,-2.49,-2947.75,71251.00,1.75,-0.96
15,0.25,20,3,20,5,2,2,600,3076,670,2362,44,21.78,0.50,-4.21,4.36,-2.49,-2952.25,71349.00,1.75,-0.96
15,0.25,20,3,20,5,3,2,300,3066,864,2158,44,28.18,0.55,-3.78,4.58,-3.31,-3186.00,75984.00,1.38,-1.04
15,0.25,20,3,20,5,3,2,600,3067,864,2159,44,28.17,0.55,-3.78,4.58,-3.31,-3188.75,76043.00,1.38,-1.04
15,0.25,20,3,20,6,2,2,300,3047,593,2408,46,19.46,0.52,-3.76,5.41,-2.54,-2906.50,70522.00,2.13,-0.95
15,0.25,20,3,20,6,2,2,600,3049,593,2410,46,19.45,0.52,-3.76,5.41,-2.54,-2911.00,70620.00,2.13,-0.95
15,0.25,20,3,20,6,3,2,300,3039,817,2189,33,26.88,0.61,-3.06,5.61,-3.42,-2899.00,70320.00,1.64,-0.95
15,0.25,20,3,20,6,3,2,600,3040,817,2190,33,26.88,0.61,-3.06,5.61,-3.42,-2901.75,70379.00,1.64,-0.95
15,0.25,20,3,20,8,2,2,300,3048,526,2494,28,17.26,0.59,-2.95,7.27,-2.61,-2675.50,65912.00,2.79,-0.88
15,0.25,20,3,20,8,2,2,600,3050,526,2496,28,17.25,0.59,-2.95,7.27,-2.61,-2680.00,66010.00,2.79,-0.88
15,0.25,20,3,20,8,3,2,300,3034,686,2328,20,22.61,0.64,-2.74,7.61,-3.53,-2984.25,71991.00,2.16,-0.98
15,0.25,20,3,20,8,3,2,600,3035,686,2329,20,22.60,0.64,-2.74,7.61,-3.53,-2987.00,72050.00,2.16,-0.98
15,0.25,20,3,20,10,2,2,300,3039,479,2534,26,15.76,0.61,-2.67,8.49,-2.64,-2622.50,65395.00,3.22,-0.86
15,0.25,20,3,20,10,2,2,600,3041,479,2536,26,15.75,0.61,-2.68,8.49,-2.64,-2627.00,65493.00,3.22,-0.86
15,0.25,20,3,20,10,3,2,300,3040,644,2382,14,21.18,0.67,-2.33,8.99,-3.60,-2793.00,68729.00,2.50,-0.92
15,0.25,20,3,20,10,3,2,600,3041,644,2383,14,21.18,0.67,-2.33,8.99,-3.60,-2795.75,68788.00,2.50,-0.92
15,0.25,20,3,25,5,2,2,300,3074,670,2360,44,21.80,0.49,-4.28,4.33,-2.49,-2976.75,71831.00,1.74,-0.97
15,0.25,20,3,25,5,2,2,600,3076,670,2362,44,21.78,0.49,-4.28,4.33,-2.49,-2981.25,71929.00,1.74,-0.97
15,0.25,20,3,25,5,3,2,300,3068,863,2161,44,28.13,0.55,-3.79,4.58,-3.31,-3204.75,76367.00,1.38,-1.04
15,0.25,20,3,25,5,3,2,600,3069,863,2162,44,28.12,0.55,-3.79,4.58,-3.31,-3207.50,76426.00,1.38,-1.05
15,0.25,20,3,25,6,2,2,300,3048,591,2411,46,19.39,0.51,-3.87,5.35,-2.55,-2980.00,71996.00,2.10,-0.98
15,0.25,20,3,25,6,2,2,600,3050,591,2413,46,19.38,0.51,-3.88,5.35,-2.55,-2984.50,72094.00,2.10,-0.98
15,0.25,20,3,25,6,3,2,300,3039,820,2186,33,26.98,0.61,-3.03,5.60,-3.42,-2897.50,70290.00,1.63,-0.95
15,0.25,20,3,25,6,3,2,600,3040,820,2187,33,26.97,0.61,-3.04,5.60,-3.42,-2900.25,70349.00,1.63,-0.95
15,0.25,20,3,25,8,2,2,300,3057,522,2507,28,17.08,0.56,-3.25,7.00,-2.62,-2901.75,70473.00,2.68,-0.95
15,0.25,20,3,25,8,2,2,600,3059,522,2509,28,17.06,0.56,-3.25,7.00,-2.61,-2906.25,70571.00,2.68,-0.95
15,0.25,20,3,25,8,3,2,300,3030,685,2325,20,22.61,0.62,-2.83,7.45,-3.52,-3075.25,73795.00,2.12,-1.01
15,0.25,20,3,25,8,3,2,600,3031,685,2326,20,22.60,0.62,-2.83,7.45,-3.52,-3078.00,73854.00,2.12,-1.02
15,0.25,20,3,25,10,2,2,300,3022,473,2522,27,15.65,0.59,-2.80,8.29,-2.64,-2745.75,67992.00,3.14,-0.91
15,0.25,20,3,25,10,2,2,600,3024,473,2524,27,15.64,0.59,-2.80,8.29,-2.64,-2750.25,68090.00,3.14,-0.91
15,0.25,20,3,25,10,3,2,300,3022,641,2367,14,21.21,0.67,-2.34,8.84,-3.59,-2828.25,69562.00,2.46,-0.94
15,0.25,20,3,25,10,3,2,600,3023,641,2368,14,21.20,0.67,-2.34,8.84,-3.59,-2831.00,69621.00,2.46,-0.94
15,0.25,20,3,30,5,2,2,300,3072,670,2358,44,21.81,0.50,-4.25,4.33,-2.49,-2961.00,71508.00,1.74,-0.96
15,0.25,20,3,30,5,2,2,600,3074,670,2360,44,21.80,0.49,-4.26,4.33,-2.49,-2965.50,71606.00,1.74,-0.96
15,0.25,20,3,30,5,3,2,300,3064,862,2157,45,28.13,0.55,-3.81,4.57,-3.31,-3197.50,76206.00,1.38,-1.04
15,0.25,20,3,30,5,3,2,600,3065,862,2158,45,28.12,0.55,-3.81,4.57,-3.31,-3200.25,76265.00,1.38,-1.04
15,0.25,20,3,30,6,2,2,300,3046,594,2407,45,19.50,0.52,-3.82,5.34,-2.54,-2947.75,71343.00,2.10,-0.97
15,0.25,20,3,30,6,2,2,600,3048,594,2409,45,19.49,0.52,-3.83,5.34,-2.54,-2952.25,71441.00,2.10,-0.97
15,0.25,20,3,30,6,3,2,300,3038,821,2185,32,27.02,0.61,-3.10,5.54,-3.42,-2925.75,70851.00,1.62,-0.96
15,0.25,20,3,30,6,3,2,600,3039,821,2186,32,27.02,0.61,-3.11,5.54,-3.42,-2928.50,70910.00,1.62,-0.96
15,0.25,20,3,30,8,2,2,300,3050,524,2498,28,17.18,0.55,-3.34,6.85,-2.61,-2933.25,71075.00,2.62,-0.96
15,0.25,20,3,30,8,2,2,600,3052,524,2500,28,17.17,0.55,-3.34,6.85,-2.61,-2937.75,71173.00,2.62,-0.96
15,0.25,20,3,30,8,3,2,300,3028,688,2320,20,22.72,0.61,-2.99,7.25,-3.52,-3177.75,75837.00,2.06,-1.05
15,0.25,20,3,30,8,3,2,600,3029,688,2321,20,22.71,0.61,-3.00,7.25,-3.52,-3180.50,75896.00,2.06,-1.05
15,0.25,20,3,30,10,2,2,300,3027,478,2522,27,15.79,0.59,-2.75,8.22,-2.65,-2742.25,67696.00,3.11,-0.91
15,0.25,20,3,30,10,2,2,600,3029,478,2524,27,15.78,0.59,-2.76,8.22,-2.64,-2746.75,67794.00,3.11,-0.91
15,0.25,20,3,30,10,3,2,300,3014,640,2359,15,21.23,0.66,-2.42,8.68,-3.59,-2919.75,71114.00,2.42,-0.97
15,0.25,20,3,30,10,3,2,600,3015,640,2360,15,21.23,0.66,-2.42,8.68,-3.59,-2922.50,71173.00,2.42,-0.97
20,0.25,20,2,15,5,2,2,300,3311,697,2569,45,21.05,0.47,-4.67,4.35,-2.53,-3461.75,82710.00,1.72,-1.05
20,0.25,20,2,15,5,2,2,600,3312,698,2569,45,21.07,0.47,-4.66,4.35,-2.53,-3458.00,82639.00,1.72,-1.04
20,0.25,20,2,15,5,3,2,300,3289,888,2351,50,27.00,0.52,-4.21,4.61,-3.35,-3782.00,88894.00,1.38,-1.15
20,0.25,20,2,15,5,3,2,600,3290,889,2351,50,27.02,0.52,-4.21,4.61,-3.35,-3778.25,88823.00,1.38,-1.15
20,0.25,20,2,15,6,2,2,300,3308,620,2646,42,18.74,0.47,-4.49,5.21,-2.58,-3601.75,85385.00,2.02,-1.09
20,0.25,20,2,15,6,2,2,600,3309,621,2646,42,18.77,0.47,-4.49,5.21,-2.58,-3599.00,85334.00,2.02,-1.09
20,0.25,20,2,15,6,3,2,300,3282,820,2428,34,24.98,0.55,-3.79,5.63,-3.45,-3756.25,88351.00,1.63,-1.14
20,0.25,20,2,15,6,3,2,600,3283,821,2428,34,25.01,0.55,-3.79,5.63,-3.45,-3753.50,88300.00,1.63,-1.14
20,0.25,20,2,15,8,2,2,300,3278,524,2724,30,15.99,0.53,-3.63,7.32,-2.64,-3346.00,80095.00,2.78,-1.02
20,0.25,20,2,15,8,2,2,600,3279,525,2724,30,16.01,0.53,-3.62,7.31,-2.64,-3345.25,80084.00,2.77,-1.02
20,0.25,20,2,15,8,3,2,300,3260,693,2545,22,21.26,0.59,-3.29,7.75,-3.56,-3685.25,86860.00,2.18,-1.13
20,0.25,20,2,15,8,3,2,600,3261,694,2545,22,21.28,0.59,-3.29,7.74,-3.56,-3684.50,86849.00,2.18,-1.13
20,0.25,20,2,15,10,2,2,300,3267,471,2768,28,14.42,0.57,-3.20,9.00,-2.68,-3168.50,76484.00,3.36,-0.97
20,0.25,20,2,15,10,2,2,600,3268,472,2768,28,14.44,0.57,-3.20,8.98,-2.68,-3169.75,76513.00,3.36,-0.97
20,0.25,20,2,15,10,3,2,300,3223,626,2578,19,19.42,0.63,-2.94,9.38,-3.63,-3494.00,82772.00,2.58,-1.08
20,0.25,20,2,15,10,3,2,600,3224,627,2578,19,19.45,0.63,-2.94,9.37,-3.63,-3495.25,82801.00,2.58,-1.08
20,0.25,20,2,20,5,2,2,300,3317,693,2579,45,20.89,0.46,-4.76,4.30,-2.52,-3523.50,84094.00,1.70,-1.06
20,0.25,20,2,20,5,2,2,600,3318,694,2579,45,20.92,0.46,-4.75,4.30,-2.52,-3519.75,84023.00,1.71,-1.06
20,0.25,20,2,20,5,3,2,300,3294,884,2359,51,26.84,0.51,-4.37,4.53,-3.35,-3894.50,91180.00,1.35,-1.18
20,0.25,20,2,20,5,3,2,600,3295,885,2359,51,26.86,0.51,-4.36,4.53,-3.35,-3890.75,91109.00,1.35,-1.18
20,0.25,20,2,20,6,2,2,300,3313,621,2650,42,18.74,0.48,-4.33,5.24,-2.58,-3570.00,84770.00,2.03,-1.08
20,0.25,20,2,20,6,2,2,600,3314,622,2650,42,18.77,0.48,-4.32,5.24,-2.58,-3567.25,84719.00,2.03,-1.08
20,0.25,20,2,20,6,3,2,300,3304,824,2445,35,24.94,0.55,-3.77,5.59,-3.45,-3824.75,89809.00,1.62,-1.16
20,0.25,20,2,20,6,3,2,600,3305,825,2445,35,24.96,0.55,-3.77,5.59,-3.45,-3822.00,89758.00,1.62,-1.16
20,0.25,20,2,20,8,2,2,300,3302,529,2745,28,16.02,0.55,-3.34,7.47,-2.64,-3281.25,78896.00,2.84,-0.99
20,0.25,20,2,20,8,2,2,600,3303,530,2745,28,16.05,0.55,-3.33,7.46,-2.64,-3280.50,78885.00,2.83,-0.99
20,0.25,20,2,20,8,3,2,300,3277,693,2563,21,21.15,0.60,-3.12,7.82,-3.55,-3675.25,86626.00,2.20,-1.12
20,0.25,20,2,20,8,3,2,600,3278,694,2563,21,21.17,0.60,-3.11,7.81,-3.55,-3674.50,86615.00,2.20,-1.12
20,0.25,20,2,20,10,2,2,300,3284,481,2772,31,14.65,0.58,-2.94,8.98,-2.68,-3110.00,75359.00,3.35,-0.95
20,0.25,20,2,20,10,2,2,600,3285,482,2772,31,14.67,0.58,-2.94,8.96,-2.68,-3111.25,75388.00,3.34,-0.95
20,0.25,20,2,20,10,3,2,300,3238,627,2590,21,19.36,0.63,-2.77,9.38,-3.62,-3486.75,82687.00,2.59,-1.08
20,0.25,20,2,20,10,3,2,600,3239,628,2590,21,19.39,0.63,-2.77,9.37,-3.62,-3488.00,82716.00,2.59,-1.08
20,0.25,20,2,25,5,2,2,300,3315,696,2573,46,21.00,0.46,-4.85,4.25,-2.52,-3533.75,84261.00,1.68,-1.07
20,0.25,20,2,25,5,2,2,600,3316,697,2573,46,21.02,0.46,-4.84,4.25,-2.52,-3530.00,84190.00,1.68,-1.06
20,0.25,20,2,25,5,3,2,300,3295,887,2358,50,26.92,0.51,-4.37,4.51,-3.35,-3889.50,91068.00,1.35,-1.18
20,0.25,20,2,25,5,3,2,600,3296,888,2358,50,26.94,0.51,-4.37,4.51,-3.35,-3885.75,90997.00,1.35,-1.18
20,0.25,20,2,25,6,2,2,300,3311,625,2644,42,18.88,0.47,-4.40,5.16,-2.58,-3587.25,85107.00,2.00,-1.08
20,0.25,20,2,25,6,2,2,600,3312,626,2644,42,18.90,0.47,-4.40,5.16,-2.58,-3584.50,85056.00,2.00,-1.08
20,0.25,20,2,25,6,3,2,300,3301,826,2441,34,25.02,0.55,-3.79,5.54,-3.44,-3817.75,89657.00,1.61,-1.16
20,0.25,20,2,25,6,3,2,600,3302,827,2441,34,25.05,0.55,-3.78,5.54,-3.44,-3815.00,89606.00,1.61,-1.16
20,0.25,20,2,25,8,2,2,300,3297,529,2739,29,16.04,0.54,-3.35,7.38,-2.64,-3316.50,79581.00,2.80,-1.01
20,0.25,20,2,25,8,2,2,600,3298,530,2739,29,16.07,0.54,-3.35,7.37,-2.64,-3315.75,79570.00,2.80,-1.01
20,0.25,20,2,25,8,3,2,300,3271,695,2555,21,21.25,0.59,-3.16,7.67,-3.54,-3716.00,87417.00,2.17,-1.14
20,0.25,20,2,25,8,3,2,600,3272,696,2555,21,21.27,0.59,-3.16,7.66,-3.54,-3715.25,87406.00,2.16,-1.14
20,0.25,20,2,25,10,2,2,300,3288,476,2782,30,14.48,0.55,-3.22,8.56,-2.68,-3375.00,80675.00,3.20,-1.03
20,0.25,20,2,25,10,2,2,600,3289,477,2782,30,14.50,0.55,-3.22,8.54,-2.68,-3376.25,80704.00,3.19,-1.03
20,0.25,20,2,25,10,3,2,300,3245,631,2595,19,19.45,0.61,-2.91,9.05,-3.61,-3671.25,86405.00,2.50,-1.13
20,0.25,20,2,25,10,3,2,600,3246,632,2595,19,19.47,0.61,-2.91,9.03,-3.61,-3672.50,86434.00,2.50,-1.13
20,0.25,20,2,30,5,2,2,300,3315,696,2573,46,21.00,0.46,-4.85,4.25,-2.52,-3533.75,84261.00,1.68,-1.07
20,0.25,20,2,30,5,2,2,600,3316,697,2573,46,21.02,0.46,-4.84,4.25,-2.52,-3530.00,84190.00,1.68,-1.06
20,0.25,20,2,30,5,3,2,300,3295,886,2359,50,26.89,0.51,-4.36,4.52,-3.34,-3889.50,91068.00,1.35,-1.18
20,0.25,20,2,30,5,3,2,600,3296,887,2359,50,26.91,0.51,-4.35,4.52,-3.35,-3885.75,90997.00,1.35,-1.18
20,0.25,20,2,30,6,2,2,300,3310,625,2643,42,18.88,0.47,-4.37,5.17,-2.58,-3577.50,84908.00,2.01,-1.08
20,0.25,20,2,30,6,2,2,600,3311,626,2643,42,18.91,0.48,-4.36,5.17,-2.58,-3574.75,84857.00,2.01,-1.08
20,0.25,20,2,30,6,3,2,300,3300,826,2440,34,25.03,0.54,-3.79,5.53,-3.44,-3818.25,89663.00,1.61,-1.16
20,0.25,20,2,30,6,3,2,600,3301,827,2440,34,25.05,0.55,-3.79,5.53,-3.44,-3815.50,89612.00,1.61,-1.16
20,0.25,20,2,30,8,2,2,300,3288,529,2731,28,16.09,0.55,-3.22,7.49,-2.64,-3236.00,77935.00,2.84,-0.98
20,0.25,20,2,30,8,2,2,600,3289,530,2731,28,16.11,0.55,-3.22,7.48,-2.64,-3235.25,77924.00,2.84,-0.98
20,0.25,20,2,30,8,3,2,300,3265,693,2551,21,21.23,0.59,-3.16,7.66,-3.54,-3722.50,87523.00,2.16,-1.14
20,0.25,20,2,30,8,3,2,600,3266,694,2551,21,21.25,0.59,-3.16,7.65,-3.54,-3721.75,87512.00,2.16,-1.14
20,0.25,20,2,30,10,2,2,300,3271,475,2766,30,14.52,0.56,-3.03,8.73,-2.68,-3264.75,78402.00,3.26,-1.00
20,0.25,20,2,30,10,2,2,600,3272,476,2766,30,14.55,0.56,-3.03,8.71,-2.68,-3266.00,78431.00,3.25,-1.00
20,0.25,20,2,30,10,3,2,300,3227,626,2583,18,19.40,0.60,-2.94,8.97,-3.61,-3712.75,87163.00,2.48,-1.15
20,0.25,20,2,30,10,3,2,600,3228,627,2583,18,19.42,0.60,-2.94,8.96,-3.61,-3714.00,87192.00,2.48,-1.15
20,0.25,20,3,15,5,2,2,300,2172,457,1683,32,21.04,0.52,-3.88,4.78,-2.49,-1997.75,48956.00,1.92,-0.92
20,0.25,20,3,15,5,2,2,600,2173,457,1684,32,21.03,0.52,-3.88,4.78,-2.49,-1999.75,49000.00,1.92,-0.92
20,0.25,20,3,15,5,3,2,300,2170,602,1536,32,27.74,0.60,-3.20,5.14,-3.34,-2044.25,49880.00,1.54,-0.94
20,0.25,20,3,15,5,3,2,600,2171,602,1537,32,27.73,0.60,-3.20,5.14,-3.34,-2047.25,49944.00,1.54,-0.94
20,0.25,20,3,15,6,2,2,300,2158,403,1721,34,18.67,0.56,-3.36,6.13,-2.56,-1928.50,47645.00,2.40,-0.89
20,0.25,20,3,15,6,2,2,600,2159,403,1722,34,18.67,0.56,-3.37,6.13,-2.56,-1930.50,47689.00,2.40,-0.89
20,0.25,20,3,15,6,3,2,300,2162,560,1575,27,25.90,0.64,-2.82,6.22,-3.47,-1976.75,48834.00,1.79,-0.91
20,0.25,20,3,15,6,3,2,600,2163,560,1576,27,25.89,0.64,-2.82,6.22,-3.47,-1979.75,48898.00,1.79,-0.92
20,0.25,20,3,15,8,2,2,300,2157,351,1784,22,16.27,0.61,-2.83,8.20,-2.64,-1832.00,45674.00,3.11,-0.85
20,0.25,20,3,15,8,2,2,600,2158,351,1785,22,16.27,0.61,-2.83,8.20,-2.64,-1834.00,45718.00,3.11,-0.85
20,0.25,20,3,15,8,3,2,300,2154,489,1659,6,22.70,0.69,-2.32,8.34,-3.56,-1828.75,45676.00,2.34,-0.85
20,0.25,20,3,15,8,3,2,600,2155,489,1660,6,22.69,0.69,-2.32,8.34,-3.56,-1831.75,45740.00,2.34,-0.85
20,0.25,20,3,15,10,2,2,300,2153,322,1811,20,14.96,0.63,-2.62,9.58,-2.69,-1792.25,44856.00,3.56,-0.83
20,0.25,20,3,15,10,2,2,600,2154,322,1812,20,14.95,0.63,-2.62,9.58,-2.69,-1794.25,44900.00,3.56,-0.83
20,0.25,20,3,15,10,3,2,300,2154,455,1688,11,21.12,0.73,-2.00,9.84,-3.65,-1676.00,42714.00,2.70,-0.78
20,0.25,20,3,15,10,3,2,600,2155,455,1689,11,21.11,0.73,-2.00,9.84,-3.64,-1679.00,42778.00,2.70,-0.78
20,0.25,20,3,20,5,2,2,300,2173,456,1685,32,20.98,0.53,-3.69,4.87,-2.49,-1967.50,48655.00,1.96,-0.91
20,0.25,20,3,20,5,2,2,600,2174,456,1686,32,20.98,0.53,-3.69,4.87,-2.49,-1969.50,48699.00,1.96,-0.91
20,0.25,20,3,20,5,3,2,300,2173,599,1541,33,27.57,0.58,-3.39,4.99,-3.34,-2155.25,52268.00,1.50,-0.99
20,0.25,20,3,20,5,3,2,600,2174,599,1542,33,27.55,0.58,-3.40,4.99,-3.34,-2158.25,52332.00,1.50,-0.99
20,0.25,20,3,20,6,2,2,300,2163,406,1723,34,18.77,0.58,-3.05,6.30,-2.56,-1849.75,46345.00,2.46,-0.86
20,0.25,20,3,20,6,2,2,600,2164,406,1724,34,18.76,0.58,-3.06,6.30,-2.56,-1851.75,46389.00,2.46,-0.86
20,0.25,20,3,20,6,3,2,300,2166,559,1579,28,25.81,0.62,-2.93,6.09,-3.46,-2064.75,50526.00,1.76,-0.95
20,0.25,20,3,20,6,3,2,600,2167,559,1580,28,25.80,0.62,-2.93,6.09,-3.46,-2067.75,50590.00,1.76,-0.95
20,0.25,20,3,20,8,2,2,300,2175,358,1793,24,16.46,0.61,-2.67,8.15,-2.65,-1827.00,45726.00,3.08,-0.84
20,0.25,20,3,20,8,2,2,600,2176,358,1794,24,16.45,0.61,-2.67,8.15,-2.65,-1829.00,45770.00,3.08,-0.84
20,0.25,20,3,20,8,3,2,300,2180,489,1684,7,22.43,0.66,-2.46,8.12,-3.55,-2001.50,49200.00,2.29,-0.92
20,0.25,20,3,20,8,3,2,600,2181,489,1685,7,22.42,0.66,-2.46,8.12,-3.55,-2004.50,49264.00,2.29,-0.92
20,0.25,20,3,20,10,2,2,300,2179,333,1827,19,15.28,0.63,-2.47,9.36,-2.70,-1817.25,45485.00,3.47,-0.83
20,0.25,20,3,20,10,2,2,600,2180,333,1828,19,15.28,0.63,-2.47,9.36,-2.70,-1819.25,45529.00,3.47,-0.83
20,0.25,20,3,20,10,3,2,300,2186,461,1714,11,21.09,0.70,-2.13,9.44,-3.63,-1879.75,46612.00,2.60,-0.86
20,0.25,20,3,20,10,3,2,600,2187,461,1715,11,21.08,0.70,-2.13,9.44,-3.63,-1882.75,46676.00,2.60,-0.86
20,0.25,20,3,25,5,2,2,300,2175,455,1688,32,20.92,0.52,-3.84,4.80,-2.49,-2017.25,49389.00,1.93,-0.93
20,0.25,20,3,25,5,2,2,600,2176,455,1689,32,20.91,0.52,-3.84,4.80,-2.49,-2019.25,49433.00,1.93,-0.93
20,0.25,20,3,25,5,3,2,300,2167,601,1533,33,27.73,0.59,-3.34,4.99,-3.34,-2126.00,51470.00,1.49,-0.98
20,0.25,20,3,25,5,3,2,600,2168,601,1534,33,27.72,0.58,-3.35,4.99,-3.34,-2129.00,51534.00,1.49,-0.98
20,0.25,20,3,25,6,2,2,300,2163,404,1725,34,18.68,0.56,-3.29,6.11,-2.56,-1947.00,47961.00,2.39,-0.90
20,0.25,20,3,25,6,2,2,600,2164,404,1726,34,18.67,0.56,-3.29,6.11,-2.56,-1949.00,48005.00,2.39,-0.90
20,0.25,20,3,25,6,3,2,300,2152,557,1566,29,25.88,0.62,-2.93,6.03,-3.46,-2051.75,49961.00,1.75,-0.95
20,0.25,20,3,25,6,3,2,600,2153,557,1567,29,25.87,0.62,-2.94,6.03,-3.46,-2054.75,50025.00,1.75,-0.95
20,0.25,20,3,25,8,2,2,300,2175,359,1792,24,16.51,0.60,-2.76,7.93,-2.64,-1881.00,46518.00,3.01,-0.86
20,0.25,20,3,25,8,2,2,600,2176,359,1793,24,16.50,0.60,-2.76,7.93,-2.64,-1883.00,46562.00,3.01,-0.87
20,0.25,20,3,25,8,3,2,300,2170,487,1675,8,22.44,0.65,-2.60,7.91,-3.55,-2093.50,50728.00,2.23,-0.96
20,0.25,20,3,25,8,3,2,600,2171,487,1676,8,22.43,0.65,-2.60,7.91,-3.55,-2096.50,50792.00,2.23,-0.97
20,0.25,20,3,25,10,2,2,300,2168,330,1819,19,15.22,0.60,-2.71,8.91,-2.69,-1960.50,48247.00,3.31,-0.90
20,0.25,20,3,25,10,2,2,600,2169,330,1820,19,15.21,0.60,-2.71,8.91,-2.69,-1962.50,48291.00,3.31,-0.90
20,0.25,20,3,25,10,3,2,300,2177,459,1707,11,21.08,0.66,-2.46,8.93,-3.65,-2129.25,51507.00,2.45,-0.98
20,0.25,20,3,25,10,3,2,600,2178,459,1708,11,21.07,0.66,-2.47,8.93,-3.65,-2132.25,51571.00,2.45,-0.98
20,0.25,20,3,30,5,2,2,300,2175,457,1686,32,21.01,0.52,-3.82,4.79,-2.49,-2003.75,49119.00,1.93,-0.92
20,0.25,20,3,30,5,2,2,600,2176,457,1687,32,21.00,0.52,-3.83,4.79,-2.49,-2005.75,49163.00,1.93,-0.92
20,0.25,20,3,30,5,3,2,300,2167,602,1532,33,27.78,0.59,-3.36,4.97,-3.34,-2118.75,51235.00,1.49,-0.98
20,0.25,20,3,30,5,3,2,600,2168,602,1533,33,27.77,0.59,-3.36,4.97,-3.34,-2121.75,51299.00,1.49,-0.98
20,0.25,20,3,30,6,2,2,300,2163,405,1724,34,18.72,0.56,-3.30,6.07,-2.56,-1950.75,48036.00,2.37,-0.90
20,0.25,20,3,30,6,2,2,600,2164,405,1725,34,18.72,0.56,-3.30,6.07,-2.56,-1952.75,48080.00,2.37,-0.90
20,0.25,20,3,30,6,3,2,300,2152,558,1565,29,25.93,0.62,-2.97,5.98,-3.45,-2066.75,50151.00,1.73,-0.96
20,0.25,20,3,30,6,3,2,600,2153,558,1566,29,25.92,0.62,-2.98,5.98,-3.45,-2069.75,50215.00,1.73,-0.96
20,0.25,20,3,30,8,2,2,300,2167,357,1786,24,16.47,0.60,-2.74,7.93,-2.64,-1885.50,46576.00,3.00,-0.87
20,0.25,20,3,30,8,2,2,600,2168,357,1787,24,16.47,0.60,-2.74,7.93,-2.64,-1887.50,46620.00,3.00,-0.87
20,0.25,20,3,30,8,3,2,300,2174,491,1675,8,22.59,0.65,-2.59,7.86,-3.56,-2095.00,50774.00,2.21,-0.96
20,0.25,20,3,30,8,3,2,600,2175,491,1676,8,22.57,0.65,-2.59,7.86,-3.56,-2098.00,50838.00,2.21,-0.96
20,0.25,20,3,30,10,2,2,300,2173,327,1827,19,15.05,0.59,-2.74,8.88,-2.69,-2003.75,49232.00,3.31,-0.92
20,0.25,20,3,30,10,2,2,600,2174,327,1828,19,15.04,0.59,-2.75,8.88,-2.69,-2005.75,49276.00,3.31,-0.92
20,0.25,20,3,30,10,3,2,300,2176,461,1704,11,21.19,0.66,-2.44,8.88,-3.65,-2123.50,51488.00,2.43,-0.98
20,0.25,20,3,30,10,3,2,600,2177,461,1705,11,21.18,0.66,-2.44,8.88,-3.65,-2126.50,51552.00,2.43,-0.98
25,0.25,20,2,15,5,2,2,300,2214,461,1727,26,20.82,0.46,-4.79,4.41,-2.57,-2411.75,57797.00,1.71,-1.09
25,0.25,20,2,15,5,2,2,600,2214,461,1727,26,20.82,0.46,-4.79,4.41,-2.58,-2413.75,57837.00,1.71,-1.09
25,0.25,20,2,15,5,3,2,300,2211,629,1550,32,28.45,0.56,-3.73,4.71,-3.42,-2341.75,56153.00,1.38,-1.06
25,0.25,20,2,15,5,3,2,600,2211,629,1550,32,28.45,0.56,-3.73,4.71,-3.42,-2343.75,56193.00,1.38,-1.06
25,0.25,20,2,15,6,2,2,300,2203,417,1749,37,18.93,0.48,-4.36,5.34,-2.65,-2406.50,57500.00,2.02,-1.09
25,0.25,20,2,15,6,2,2,600,2203,417,1749,37,18.93,0.48,-4.36,5.34,-2.65,-2408.50,57540.00,2.02,-1.09
25,0.25,20,2,15,6,3,2,300,2208,570,1599,39,25.82,0.58,-3.42,5.78,-3.54,-2364.25,56355.00,1.63,-1.07
25,0.25,20,2,15,6,3,2,600,2208,570,1599,39,25.82,0.58,-3.42,5.78,-3.54,-2366.25,56395.00,1.63,-1.07
25,0.25,20,2,15,8,2,2,300,2192,342,1831,19,15.60,0.54,-3.56,7.86,-2.71,-2269.25,54457.00,2.90,-1.04
25,0.25,20,2,15,8,2,2,600,2192,342,1831,19,15.60,0.54,-3.56,7.86,-2.71,-2271.25,54497.00,2.90,-1.04
25,0.25,20,2,15,8,3,2,300,2214,482,1713,19,21.77,0.60,-3.20,7.72,-3.61,-2464.00,58294.00,2.14,-1.11
25,0.25,20,2,15,8,3,2,600,2214,482,1713,19,21.77,0.60,-3.20,7.72,-3.61,-2466.00,58334.00,2.14,-1.11
25,0.25,20,2,15,10,2,2,300,2186,321,1854,11,14.68,0.58,-3.13,9.23,-2.75,-2128.00,51480.00,3.36,-0.97
25,0.25,20,2,15,10,2,2,600,2186,321,1854,11,14.68,0.58,-3.14,9.23,-2.75,-2130.00,51520.00,3.36,-0.97
25,0.25,20,2,15,10,3,2,300,2184,441,1730,13,20.19,0.63,-2.88,9.23,-3.71,-2343.25,55679.00,2.49,-1.07
25,0.25,20,2,15,10,3,2,600,2184,441,1730,13,20.19,0.63,-2.88,9.23,-3.71,-2345.25,55719.00,2.49,-1.07
25,0.25,20,2,20,5,2,2,300,2216,462,1729,25,20.85,0.45,-4.93,4.32,-2.57,-2453.25,58815.00,1.68,-1.11
25,0.25,20,2,20,5,2,2,600,2216,462,1729,25,20.85,0.45,-4.93,4.32,-2.57,-2455.25,58855.00,1.68,-1.11
25,0.25,20,2,20,5,3,2,300,2209,622,1555,32,28.16,0.54,-3.90,4.63,-3.41,-2421.50,57837.00,1.36,-1.10
25,0.25,20,2,20,5,3,2,600,2209,622,1555,32,28.16,0.54,-3.90,4.63,-3.41,-2423.50,57877.00,1.36,-1.10
25,0.25,20,2,20,6,2,2,300,2203,420,1746,37,19.06,0.49,-4.18,5.34,-2.64,-2359.75,56690.00,2.03,-1.07
25,0.25,20,2,20,6,2,2,600,2203,420,1746,37,19.06,0.49,-4.19,5.34,-2.64,-2361.75,56730.00,2.02,-1.07
25,0.25,20,2,20,6,3,2,300,2210,564,1608,38,25.52,0.57,-3.51,5.68,-3.50,-2432.50,57862.00,1.62,-1.10
25,0.25,20,2,20,6,3,2,600,2210,564,1608,38,25.52,0.57,-3.51,5.68,-3.51,-2434.50,57902.00,1.62,-1.10
25,0.25,20,2,20,8,2,2,300,2180,337,1820,23,15.46,0.54,-3.47,7.83,-2.70,-2269.50,54338.00,2.90,-1.04
25,0.25,20,2,20,8,2,2,600,2180,337,1820,23,15.46,0.54,-3.48,7.83,-2.70,-2271.50,54378.00,2.90,-1.04
25,0.25,20,2,20,8,3,2,300,2209,474,1715,20,21.46,0.58,-3.32,7.54,-3.59,-2577.50,60622.00,2.10,-1.17
25,0.25,20,2,20,8,3,2,600,2209,474,1715,20,21.46,0.58,-3.32,7.54,-3.59,-2579.50,60662.00,2.10,-1.17
25,0.25,20,2,20,10,2,2,300,2185,316,1858,11,14.46,0.57,-3.06,9.19,-2.73,-2175.25,52411.00,3.36,-1.00
25,0.25,20,2,20,10,2,2,600,2185,316,1858,11,14.46,0.57,-3.07,9.19,-2.74,-2177.25,52451.00,3.36,-1.00
25,0.25,20,2,20,10,3,2,300,2192,442,1738,12,20.16,0.62,-2.86,9.03,-3.69,-2419.50,57314.00,2.45,-1.10
25,0.25,20,2,20,10,3,2,600,2192,442,1738,12,20.16,0.62,-2.86,9.03,-3.69,-2421.50,57354.00,2.45,-1.10
25,0.25,20,2,25,5,2,2,300,2213,460,1728,25,20.79,0.44,-5.03,4.29,-2.57,-2476.00,59143.00,1.67,-1.12
25,0.25,20,2,25,5,2,2,600,2213,460,1728,25,20.79,0.44,-5.04,4.29,-2.58,-2478.00,59183.00,1.67,-1.12
25,0.25,20,2,25,5,3,2,300,2210,623,1555,32,28.19,0.54,-3.89,4.63,-3.41,-2423.00,57955.00,1.36,-1.10
25,0.25,20,2,25,5,3,2,600,2210,623,1555,32,28.19,0.54,-3.89,4.63,-3.41,-2425.00,57995.00,1.36,-1.10
25,0.25,20,2,25,6,2,2,300,2207,420,1750,37,19.03,0.48,-4.37,5.24,-2.64,-2423.50,57826.00,1.98,-1.10
25,0.25,20,2,25,6,2,2,600,2207,420,1750,37,19.03,0.48,-4.38,5.24,-2.64,-2425.50,57866.00,1.98,-1.10
25,0.25,20,2,25,6,3,2,300,2215,566,1611,38,25.55,0.56,-3.62,5.58,-3.50,-2485.00,58982.00,1.59,-1.12
25,0.25,20,2,25,6,3,2,600,2215,566,1611,38,25.55,0.56,-3.62,5.58,-3.51,-2487.00,59022.00,1.59,-1.12
25,0.25,20,2,25,8,2,2,300,2189,338,1828,23,15.44,0.53,-3.56,7.68,-2.70,-2335.50,55604.00,2.85,-1.07
25,0.25,20,2,25,8,2,2,600,2189,338,1828,23,15.44,0.53,-3.56,7.68,-2.70,-2337.50,55644.00,2.85,-1.07
25,0.25,20,2,25,8,3,2,300,2209,472,1717,20,21.37,0.56,-3.49,7.38,-3.60,-2699.25,63157.00,2.05,-1.22
25,0.25,20,2,25,8,3,2,600,2209,472,1717,20,21.37,0.56,-3.50,7.38,-3.60,-2701.25,63197.00,2.05,-1.22
25,0.25,20,2,25,10,2,2,300,2189,317,1862,10,14.48,0.55,-3.21,8.86,-2.73,-2283.75,54553.00,3.24,-1.04
25,0.25,20,2,25,10,2,2,600,2189,317,1862,10,14.48,0.55,-3.21,8.86,-2.74,-2285.75,54593.00,3.24,-1.04
25,0.25,20,2,25,10,3,2,300,2197,447,1738,12,20.35,0.61,-2.91,8.80,-3.69,-2485.75,58759.00,2.38,-1.13
25,0.25,20,2,25,10,3,2,600,2197,447,1738,12,20.35,0.61,-2.91,8.80,-3.69,-2487.75,58799.00,2.38,-1.13
25,0.25,20,2,30,5,2,2,300,2213,460,1728,25,20.79,0.44,-5.00,4.30,-2.57,-2469.50,59013.00,1.67,-1.12
25,0.25,20,2,30,5,2,2,600,2213,460,1728,25,20.79,0.44,-5.00,4.30,-2.58,-2471.50,59053.00,1.67,-1.12
25,0.25,20,2,30,5,3,2,300,2208,624,1552,32,28.26,0.55,-3.77,4.67,-3.41,-2380.25,57178.00,1.37,-1.08
25,0.25,20,2,30,5,3,2,600,2208,624,1552,32,28.26,0.55,-3.77,4.67,-3.41,-2382.25,57218.00,1.37,-1.08
25,0.25,20,2,30,6,2,2,300,2206,420,1749,37,19.04,0.48,-4.37,5.23,-2.64,-2421.25,57777.00,1.98,-1.10
25,0.25,20,2,30,6,2,2,600,2206,420,1749,37,19.04,0.48,-4.37,5.23,-2.64,-2423.25,57817.00,1.98,-1.10
25,0.25,20,2,30,6,3,2,300,2213,567,1608,38,25.62,0.57,-3.54,5.61,-3.50,-2448.50,58344.00,1.60,-1.11
25,0.25,20,2,30,6,3,2,600,2213,567,1608,38,25.62,0.56,-3.54,5.61,-3.50,-2450.50,58384.00,1.60,-1.11
25,0.25,20,2,30,8,2,2,300,2188,335,1830,23,15.31,0.52,-3.57,7.72,-2.70,-2359.50,56080.00,2.86,-1.08
25,0.25,20,2,30,8,2,2,600,2188,335,1830,23,15.31,0.52,-3.57,7.72,-2.70,-2361.50,56120.00,2.86,-1.08
25,0.25,20,2,30,8,3,2,300,2205,471,1714,20,21.36,0.56,-3.46,7.41,-3.61,-2691.50,63086.00,2.06,-1.22
25,0.25,20,2,30,8,3,2,600,2205,471,1714,20,21.36,0.56,-3.46,7.41,-3.61,-2693.50,63126.00,2.05,-1.22
25,0.25,20,2,30,10,2,2,300,2186,322,1854,10,14.73,0.57,-3.00,8.97,-2.75,-2204.75,52961.00,3.26,-1.01
25,0.25,20,2,30,10,2,2,600,2186,322,1854,10,14.73,0.57,-3.01,8.97,-2.75,-2206.75,53001.00,3.26,-1.01
25,0.25,20,2,30,10,3,2,300,2190,446,1732,12,20.37,0.62,-2.81,8.89,-3.70,-2449.75,58111.00,2.40,-1.12
25,0.25,20,2,30,10,3,2,600,2190,446,1732,12,20.37,0.62,-2.81,8.89,-3.71,-2451.75,58151.00,2.40,-1.12
25,0.25,20,3,15,5,2,2,300,1515,318,1171,26,20.99,0.53,-3.78,4.86,-2.50,-1380.50,34468.00,1.95,-0.91
25,0.25,20,3,15,5,2,2,600,1516,319,1171,26,21.04,0.53,-3.76,4.86,-2.50,-1375.25,34367.00,1.95,-0.91
25,0.25,20,3,15,5,3,2,300,1504,433,1046,25,28.79,0.61,-3.08,4.97,-3.35,-1353.75,33744.00,1.48,-0.90
25,0.25,20,3,15,5,3,2,600,1505,434,1046,25,28.84,0.62,-3.07,4.97,-3.35,-1348.50,33643.00,1.48,-0.90
25,0.25,20,3,15,6,2,2,300,1505,290,1189,26,19.27,0.58,-3.12,6.15,-2.57,-1271.25,32413.00,2.39,-0.84
25,0.25,20,3,15,6,2,2,600,1506,291,1189,26,19.32,0.59,-3.11,6.14,-2.57,-1267.00,32332.00,2.39,-0.84
25,0.25,20,3,15,6,3,2,300,1506,411,1072,23,27.29,0.69,-2.36,6.19,-3.46,-1169.00,30322.00,1.79,-0.78
25,0.25,20,3,15,6,3,2,600,1507,412,1072,23,27.34,0.69,-2.35,6.18,-3.46,-1164.75,30241.00,1.79,-0.77
25,0.25,20,3,15,8,2,2,300,1512,241,1257,14,15.94,0.62,-2.73,8.47,-2.62,-1251.00,32296.00,3.23,-0.83
25,0.25,20,3,15,8,2,2,600,1513,242,1257,14,15.99,0.62,-2.72,8.44,-2.62,-1248.75,32255.00,3.22,-0.83
25,0.25,20,3,15,8,3,2,300,1497,347,1140,10,23.18,0.73,-1.92,8.49,-3.52,-1063.50,28651.00,2.41,-0.71
25,0.25,20,3,15,8,3,2,600,1498,348,1140,10,23.23,0.74,-1.92,8.47,-3.52,-1061.25,28610.00,2.41,-0.71
25,0.25,20,3,15,10,2,2,300,1503,224,1269,10,14.90,0.63,-2.68,9.57,-2.70,-1281.25,32834.00,3.55,-0.85
25,0.25,20,3,15,10,2,2,600,1504,225,1269,10,14.96,0.63,-2.68,9.53,-2.70,-1281.00,32833.00,3.53,-0.85
25,0.25,20,3,15,10,3,2,300,1489,317,1165,7,21.29,0.72,-2.03,9.62,-3.62,-1164.00,30538.00,2.66,-0.78
25,0.25,20,3,15,10,3,2,600,1490,318,1165,7,21.34,0.72,-2.03,9.59,-3.62,-1163.75,30537.00,2.65,-0.78
25,0.25,20,3,20,5,2,2,300,1512,319,1167,26,21.10,0.53,-3.65,4.88,-2.50,-1355.25,34251.00,1.96,-0.90
25,0.25,20,3,20,5,2,2,600,1513,320,1167,26,21.15,0.54,-3.63,4.89,-2.50,-1350.00,34150.00,1.96,-0.89
25,0.25,20,3,20,5,3,2,300,1507,434,1049,24,28.80,0.61,-3.15,4.89,-3.34,-1382.75,34636.00,1.46,-0.92
25,0.25,20,3,20,5,3,2,600,1508,435,1049,24,28.85,0.61,-3.13,4.89,-3.34,-1377.50,34535.00,1.46,-0.91
25,0.25,20,3,20,6,2,2,300,1502,291,1185,26,19.37,0.59,-3.03,6.10,-2.56,-1259.00,32411.00,2.38,-0.84
25,0.25,20,3,20,6,2,2,600,1503,292,1185,26,19.43,0.59,-3.02,6.10,-2.56,-1254.75,32330.00,2.38,-0.83
25,0.25,20,3,20,6,3,2,300,1512,416,1072,24,27.51,0.68,-2.36,6.07,-3.46,-1187.50,30971.00,1.75,-0.79
25,0.25,20,3,20,6,3,2,600,1513,417,1072,24,27.56,0.68,-2.35,6.06,-3.46,-1183.25,30890.00,1.75,-0.78
25,0.25,20,3,20,8,2,2,300,1514,243,1257,14,16.05,0.61,-2.73,8.23,-2.62,-1286.50,33194.00,3.15,-0.85
25,0.25,20,3,20,8,2,2,600,1515,244,1257,14,16.11,0.61,-2.73,8.21,-2.62,-1284.25,33153.00,3.14,-0.85
25,0.25,20,3,20,8,3,2,300,1501,348,1144,9,23.18,0.71,-2.08,8.20,-3.52,-1173.00,30922.00,2.33,-0.78
25,0.25,20,3,20,8,3,2,600,1502,349,1144,9,23.24,0.71,-2.07,8.19,-3.52,-1170.75,30881.00,2.33,-0.78
25,0.25,20,3,20,10,2,2,300,1511,224,1278,9,14.82,0.61,-2.71,9.29,-2.69,-1351.25,34247.00,3.46,-0.89
25,0.25,20,3,20,10,2,2,600,1512,225,1278,9,14.88,0.61,-2.71,9.25,-2.69,-1351.00,34246.00,3.44,-0.89
25,0.25,20,3,20,10,3,2,300,1501,315,1180,6,20.99,0.68,-2.30,9.22,-3.62,-1363.25,34377.00,2.55,-0.91
25,0.25,20,3,20,10,3,2,600,1502,316,1180,6,21.04,0.68,-2.30,9.19,-3.62,-1363.00,34376.00,2.54,-0.91
25,0.25,20,3,25,5,2,2,300,1513,320,1167,26,21.15,0.53,-3.67,4.85,-2.50,-1362.00,34200.00,1.94,-0.90
25,0.25,20,3,25,5,2,2,600,1514,321,1167,26,21.20,0.53,-3.66,4.85,-2.50,-1356.75,34099.00,1.94,-0.90
25,0.25,20,3,25,5,3,2,300,1507,437,1046,24,29.00,0.61,-3.08,4.90,-3.35,-1359.25,33976.00,1.46,-0.90
25,0.25,20,3,25,5,3,2,600,1508,438,1046,24,29.05,0.61,-3.07,4.90,-3.35,-1354.00,33875.00,1.46,-0.90
25,0.25,20,3,25,6,2,2,300,1500,292,1182,26,19.47,0.58,-3.11,5.99,-2.56,-1278.75,32548.00,2.34,-0.85
25,0.25,20,3,25,6,2,2,600,1501,293,1182,26,19.52,0.58,-3.10,5.98,-2.56,-1274.50,32467.00,2.34,-0.85
25,0.25,20,3,25,6,3,2,300,1508,417,1067,24,27.65,0.68,-2.38,5.99,-3.45,-1188.50,30725.00,1.73,-0.79
25,0.25,20,3,25,6,3,2,600,1509,418,1067,24,27.70,0.68,-2.37,5.99,-3.45,-1184.25,30644.00,1.73,-0.78
25,0.25,20,3,25,8,2,2,300,1513,243,1256,14,16.06,0.59,-2.89,7.98,-2.61,-1341.50,33746.00,3.05,-0.89
25,0.25,20,3,25,8,2,2,600,1514,244,1256,14,16.12,0.59,-2.88,7.95,-2.61,-1339.25,33705.00,3.05,-0.88
25,0.25,20,3,25,8,3,2,300,1498,345,1143,10,23.03,0.67,-2.39,7.84,-3.51,-1305.00,32986.00,2.23,-0.87
25,0.25,20,3,25,8,3,2,600,1499,346,1143,10,23.08,0.68,-2.38,7.83,-3.51,-1302.75,32945.00,2.23,-0.87
25,0.25,20,3,25,10,2,2,300,1512,224,1279,9,14.81,0.58,-2.97,8.87,-2.69,-1458.75,36367.00,3.29,-0.96
25,0.25,20,3,25,10,2,2,600,1513,225,1279,9,14.87,0.58,-2.97,8.83,-2.69,-1458.50,36366.00,3.28,-0.96
25,0.25,20,3,25,10,3,2,300,1501,317,1178,6,21.12,0.65,-2.52,8.79,-3.62,-1473.25,36543.00,2.43,-0.98
25,0.25,20,3,25,10,3,2,600,1502,318,1178,6,21.17,0.65,-2.52,8.76,-3.62,-1473.00,36542.00,2.42,-0.98
25,0.25,20,3,30,5,2,2,300,1511,319,1166,26,21.11,0.54,-3.62,4.88,-2.49,-1350.50,33962.00,1.96,-0.89
25,0.25,20,3,30,5,2,2,600,1512,320,1166,26,21.16,0.54,-3.60,4.88,-2.49,-1345.25,33861.00,1.96,-0.89
25,0.25,20,3,30,5,3,2,300,1507,437,1046,24,29.00,0.61,-3.09,4.89,-3.34,-1359.50,33981.00,1.46,-0.90
25,0.25,20,3,30,5,3,2,600,1508,438,1046,24,29.05,0.61,-3.07,4.89,-3.34,-1354.25,33880.00,1.46,-0.90
25,0.25,20,3,30,6,2,2,300,1497,291,1180,26,19.44,0.58,-3.07,6.02,-2.56,-1267.00,32301.00,2.35,-0.85
25,0.25,20,3,30,6,2,2,600,1498,292,1180,26,19.49,0.58,-3.06,6.01,-2.56,-1262.75,32220.00,2.35,-0.84
25,0.25,20,3,30,6,3,2,300,1505,417,1064,24,27.71,0.68,-2.37,5.98,-3.45,-1181.00,30563.00,1.73,-0.78
25,0.25,20,3,30,6,3,2,600,1506,418,1064,24,27.76,0.68,-2.36,5.98,-3.45,-1176.75,30482.00,1.73,-0.78
25,0.25,20,3,30,8,2,2,300,1510,242,1254,14,16.03,0.60,-2.79,8.08,-2.61,-1316.25,33229.00,3.10,-0.87
25,0.25,20,3,30,8,2,2,600,1511,243,1254,14,16.08,0.60,-2.78,8.05,-2.61,-1314.00,33188.00,3.09,-0.87
25,0.25,20,3,30,8,3,2,300,1495,344,1141,10,23.01,0.67,-2.37,7.86,-3.51,-1305.75,32989.00,2.24,-0.87
25,0.25,20,3,30,8,3,2,600,1496,345,1141,10,23.06,0.67,-2.37,7.84,-3.51,-1303.50,32948.00,2.23,-0.87
25,0.25,20,3,30,10,2,2,300,1511,223,1279,9,14.76,0.59,-2.78,9.08,-2.69,-1418.75,35663.00,3.37,-0.94
25,0.25,20,3,30,10,2,2,600,1512,224,1279,9,14.81,0.59,-2.78,9.04,-2.69,-1418.50,35662.00,3.36,-0.94
25,0.25,20,3,30,10,3,2,300,1504,316,1182,6,21.01,0.65,-2.50,8.84,-3.63,-1493.50,37060.00,2.44,-0.99
25,0.25,20,3,30,10,3,2,600,1505,317,1182,6,21.06,0.65,-2.50,8.81,-3.63,-1493.25,37059.00,2.43,-0.99
30,0.25,20,2,15,5,2,2,300,1538,321,1202,15,20.87,0.45,-4.88,4.40,-2.59,-1696.75,40737.00,1.70,-1.10
30,0.25,20,2,15,5,2,2,600,1539,321,1203,15,20.86,0.45,-4.89,4.40,-2.59,-1699.25,40791.00,1.70,-1.10
30,0.25,20,2,15,5,3,2,300,1519,408,1093,18,26.86,0.51,-4.43,4.65,-3.44,-1859.75,44186.00,1.35,-1.22
30,0.25,20,2,15,5,3,2,600,1520,408,1094,18,26.84,0.50,-4.43,4.65,-3.44,-1862.25,44240.00,1.35,-1.23
30,0.25,20,2,15,6,2,2,300,1534,293,1217,24,19.10,0.52,-3.92,5.67,-2.64,-1547.50,37711.00,2.15,-1.01
30,0.25,20,2,15,6,2,2,600,1535,293,1218,24,19.09,0.52,-3.93,5.67,-2.64,-1552.25,37810.00,2.15,-1.01
30,0.25,20,2,15,6,3,2,300,1516,372,1117,27,24.54,0.57,-3.56,6.07,-3.54,-1696.00,40803.00,1.71,-1.12
30,0.25,20,2,15,6,3,2,600,1517,372,1118,27,24.52,0.57,-3.57,6.07,-3.54,-1701.75,40922.00,1.71,-1.12
30,0.25,20,2,15,8,2,2,300,1525,245,1268,12,16.07,0.59,-3.07,8.23,-2.70,-1401.00,34660.00,3.05,-0.92
30,0.25,20,2,15,8,2,2,600,1526,245,1269,12,16.06,0.59,-3.08,8.23,-2.70,-1405.75,34759.00,3.05,-0.92
30,0.25,20,2,15,8,3,2,300,1520,320,1190,10,21.05,0.60,-3.23,8.11,-3.62,-1718.00,41154.00,2.24,-1.13
30,0.25,20,2,15,8,3,2,600,1521,320,1191,10,21.04,0.60,-3.24,8.11,-3.63,-1723.75,41273.00,2.24,-1.13
30,0.25,20,2,15,10,2,2,300,1523,233,1282,8,15.30,0.64,-2.58,9.67,-2.74,-1264.25,31877.00,3.52,-0.83
30,0.25,20,2,15,10,2,2,600,1524,233,1283,8,15.29,0.64,-2.59,9.67,-2.75,-1269.00,31976.00,3.52,-0.83
30,0.25,20,2,15,10,3,2,300,1514,298,1208,8,19.68,0.64,-2.82,9.56,-3.68,-1592.50,38580.00,2.60,-1.05
30,0.25,20,2,15,10,3,2,600,1515,298,1209,8,19.67,0.64,-2.83,9.56,-3.68,-1598.25,38699.00,2.60,-1.05
30,0.25,20,2,20,5,2,2,300,1535,320,1200,15,20.85,0.45,-4.94,4.36,-2.59,-1713.50,41150.00,1.68,-1.12
30,0.25,20,2,20,5,2,2,600,1536,320,1201,15,20.83,0.45,-4.94,4.36,-2.59,-1716.00,41204.00,1.68,-1.12
30,0.25,20,2,20,5,3,2,300,1518,406,1094,18,26.75,0.49,-4.58,4.57,-3.44,-1910.75,45299.00,1.33,-1.26
30,0.25,20,2,20,5,3,2,600,1519,406,1095,18,26.73,0.49,-4.58,4.57,-3.44,-1913.25,45353.00,1.33,-1.26
30,0.25,20,2,20,6,2,2,300,1531,291,1216,24,19.01,0.51,-3.92,5.64,-2.64,-1566.25,38173.00,2.14,-1.02
30,0.25,20,2,20,6,2,2,600,1532,291,1217,24,18.99,0.51,-3.93,5.64,-2.64,-1571.00,38272.00,2.14,-1.03
30,0.25,20,2,20,6,3,2,300,1514,369,1118,27,24.37,0.55,-3.70,5.95,-3.54,-1765.25,42328.00,1.68,-1.17
30,0.25,20,2,20,6,3,2,600,1515,369,1119,27,24.36,0.55,-3.71,5.95,-3.54,-1771.00,42447.00,1.68,-1.17
30,0.25,20,2,20,8,2,2,300,1518,244,1261,13,16.07,0.59,-2.99,8.13,-2.69,-1405.00,34767.00,3.03,-0.93
30,0.25,20,2,20,8,2,2,600,1519,244,1262,13,16.06,0.58,-3.00,8.13,-2.69,-1409.75,34866.00,3.02,-0.93
30,0.25,20,2,20,8,3,2,300,1512,316,1184,12,20.90,0.59,-3.28,7.95,-3.62,-1772.75,42325.00,2.20,-1.17
30,0.25,20,2,20,8,3,2,600,1513,316,1185,12,20.89,0.59,-3.29,7.95,-3.62,-1778.50,42444.00,2.20,-1.18
30,0.25,20,2,20,10,2,2,300,1518,230,1281,7,15.15,0.64,-2.43,9.79,-2.74,-1262.00,31993.00,3.57,-0.83
30,0.25,20,2,20,10,2,2,600,1519,230,1282,7,15.14,0.64,-2.44,9.79,-2.74,-1266.75,32092.00,3.57,-0.83
30,0.25,20,2,20,10,3,2,300,1505,293,1205,7,19.47,0.64,-2.69,9.67,-3.68,-1600.75,38777.00,2.63,-1.06
30,0.25,20,2,20,10,3,2,600,1506,293,1206,7,19.46,0.64,-2.70,9.67,-3.68,-1606.50,38896.00,2.63,-1.07
30,0.25,20,2,25,5,2,2,300,1534,319,1200,15,20.80,0.45,-5.00,4.34,-2.59,-1721.75,41281.00,1.68,-1.12
30,0.25,20,2,25,5,2,2,600,1535,319,1201,15,20.78,0.45,-5.01,4.34,-2.59,-1724.25,41335.00,1.68,-1.12
30,0.25,20,2,25,5,3,2,300,1518,407,1093,18,26.81,0.49,-4.58,4.56,-3.44,-1906.75,45303.00,1.32,-1.26
30,0.25,20,2,25,5,3,2,600,1519,407,1094,18,26.79,0.49,-4.58,4.56,-3.44,-1909.25,45357.00,1.33,-1.26
30,0.25,20,2,25,6,2,2,300,1531,291,1216,24,19.01,0.49,-4.19,5.44,-2.63,-1617.50,39119.00,2.07,-1.06
30,0.25,20,2,25,6,2,2,600,1532,291,1217,24,18.99,0.49,-4.20,5.44,-2.63,-1622.25,39218.00,2.07,-1.06
30,0.25,20,2,25,6,3,2,300,1516,370,1119,27,24.41,0.55,-3.82,5.84,-3.54,-1793.50,42951.00,1.65,-1.18
30,0.25,20,2,25,6,3,2,600,1517,370,1120,27,24.39,0.55,-3.83,5.84,-3.54,-1799.25,43070.00,1.65,-1.19
30,0.25,20,2,25,8,2,2,300,1525,245,1267,13,16.07,0.57,-3.17,7.85,-2.68,-1478.75,36247.00,2.92,-0.97
30,0.25,20,2,25,8,2,2,600,1526,245,1268,13,16.06,0.56,-3.18,7.85,-2.69,-1483.50,36346.00,2.92,-0.97
30,0.25,20,2,25,8,3,2,300,1518,319,1187,12,21.01,0.57,-3.44,7.70,-3.62,-1846.50,43834.00,2.12,-1.22
30,0.25,20,2,25,8,3,2,600,1519,319,1188,12,21.00,0.57,-3.45,7.70,-3.63,-1852.25,43953.00,2.12,-1.22
30,0.25,20,2,25,10,2,2,300,1521,230,1284,7,15.12,0.61,-2.64,9.35,-2.73,-1358.50,34096.00,3.42,-0.89
30,0.25,20,2,25,10,2,2,600,1522,230,1285,7,15.11,0.61,-2.65,9.35,-2.73,-1363.25,34195.00,3.42,-0.90
30,0.25,20,2,25,10,3,2,300,1509,295,1207,7,19.55,0.61,-2.93,9.22,-3.68,-1724.00,41323.00,2.50,-1.14
30,0.25,20,2,25,10,3,2,600,1510,295,1208,7,19.54,0.61,-2.94,9.22,-3.68,-1729.75,41442.00,2.50,-1.15
30,0.25,20,2,30,5,2,2,300,1534,319,1200,15,20.80,0.44,-5.04,4.33,-2.59,-1725.50,41356.00,1.67,-1.12
30,0.25,20,2,30,5,2,2,600,1535,319,1201,15,20.78,0.44,-5.04,4.33,-2.59,-1728.00,41410.00,1.67,-1.13
30,0.25,20,2,30,5,3,2,300,1516,405,1093,18,26.72,0.49,-4.57,4.57,-3.44,-1907.25,45391.00,1.33,-1.26
30,0.25,20,2,30,5,3,2,600,1517,405,1094,18,26.70,0.49,-4.57,4.57,-3.44,-1909.75,45445.00,1.33,-1.26
30,0.25,20,2,30,6,2,2,300,1531,291,1216,24,19.01,0.49,-4.26,5.41,-2.63,-1627.25,39314.00,2.05,-1.06
30,0.25,20,2,30,6,2,2,600,1532,291,1217,24,18.99,0.49,-4.27,5.41,-2.63,-1632.00,39413.00,2.05,-1.07
30,0.25,20,2,30,6,3,2,300,1515,369,1119,27,24.36,0.54,-3.85,5.83,-3.53,-1802.25,43222.00,1.65,-1.19
30,0.25,20,2,30,6,3,2,600,1516,369,1120,27,24.34,0.54,-3.86,5.83,-3.54,-1808.00,43341.00,1.65,-1.19
30,0.25,20,2,30,8,2,2,300,1522,241,1268,13,15.83,0.56,-3.27,7.87,-2.69,-1516.75,36903.00,2.92,-1.00
30,0.25,20,2,30,8,2,2,600,1523,241,1269,13,15.82,0.55,-3.27,7.87,-2.69,-1521.50,37002.00,2.92,-1.00
30,0.25,20,2,30,8,3,2,300,1516,317,1187,12,20.91,0.57,-3.50,7.68,-3.63,-1873.75,44471.00,2.12,-1.24
30,0.25,20,2,30,8,3,2,600,1517,317,1188,12,20.90,0.56,-3.50,7.68,-3.63,-1879.50,44590.00,2.12,-1.24
30,0.25,20,2,30,10,2,2,300,1514,226,1281,7,14.93,0.62,-2.55,9.58,-2.74,-1341.75,33523.00,3.50,-0.89
30,0.25,20,2,30,10,2,2,600,1515,226,1282,7,14.92,0.62,-2.55,9.58,-2.74,-1346.50,33622.00,3.50,-0.89
30,0.25,20,2,30,10,3,2,300,1504,292,1205,7,19.41,0.61,-2.89,9.31,-3.69,-1727.00,41463.00,2.52,-1.15
30,0.25,20,2,30,10,3,2,600,1505,292,1206,7,19.40,0.61,-2.90,9.31,-3.69,-1732.75,41582.00,2.52,-1.15
30,0.25,20,3,15,5,2,2,300,1080,208,856,16,19.26,0.43,-5.14,4.55,-2.57,-1250.75,29769.00,1.77,-1.16
30,0.25,20,3,15,5,2,2,600,1081,209,856,16,19.33,0.43,-5.11,4.55,-2.57,-1245.50,29668.00,1.77,-1.15
30,0.25,20,3,15,5,3,2,300,1081,291,778,12,26.92,0.49,-4.55,4.50,-3.40,-1340.25,31507.00,1.32,-1.24
30,0.25,20,3,15,5,3,2,600,1082,292,778,12,26.99,0.50,-4.53,4.50,-3.40,-1335.00,31406.00,1.32,-1.23
30,0.25,20,3,15,6,2,2,300,1067,195,853,19,18.28,0.54,-3.65,6.21,-2.64,-1041.75,25728.00,2.35,-0.98
30,0.25,20,3,15,6,2,2,600,1068,196,853,19,18.35,0.54,-3.63,6.20,-2.64,-1037.50,25647.00,2.35,-0.97
30,0.25,20,3,15,6,3,2,300,1057,257,781,19,24.31,0.57,-3.59,6.08,-3.53,-1194.75,29062.00,1.72,-1.13
30,0.25,20,3,15,6,3,2,600,1058,258,781,19,24.39,0.57,-3.57,6.07,-3.53,-1190.50,28981.00,1.72,-1.13
30,0.25,20,3,15,8,2,2,300,1069,162,899,8,15.15,0.58,-3.16,8.71,-2.70,-1021.25,25701.00,3.22,-0.96
30,0.25,20,3,15,8,2,2,600,1070,163,899,8,15.23,0.58,-3.15,8.67,-2.70,-1019.00,25660.00,3.20,-0.95
30,0.25,20,3,15,8,3,2,300,1056,219,831,6,20.74,0.63,-2.90,8.76,-3.65,-1112.25,27517.00,2.40,-1.05
30,0.25,20,3,15,8,3,2,600,1057,220,831,6,20.81,0.63,-2.89,8.73,-3.65,-1110.00,27476.00,2.39,-1.05
30,0.25,20,3,15,10,2,2,300,1070,156,908,6,14.58,0.60,-2.93,9.74,-2.77,-997.00,25180.00,3.51,-0.93
30,0.25,20,3,15,10,2,2,600,1071,157,908,6,14.66,0.60,-2.92,9.68,-2.77,-996.75,25179.00,3.49,-0.93
30,0.25,20,3,15,10,3,2,300,1060,211,846,3,19.91,0.67,-2.57,9.89,-3.70,-1040.75,26023.00,2.68,-0.98
30,0.25,20,3,15,10,3,2,600,1061,212,846,3,19.98,0.67,-2.56,9.85,-3.70,-1040.50,26022.00,2.66,-0.98
30,0.25,20,3,20,5,2,2,300,1080,208,856,16,19.26,0.44,-4.97,4.61,-2.57,-1237.50,29704.00,1.80,-1.15
30,0.25,20,3,20,5,2,2,600,1081,209,856,16,19.33,0.44,-4.94,4.61,-2.57,-1232.25,29603.00,1.80,-1.14
30,0.25,20,3,20,5,3,2,300,1084,292,780,12,26.94,0.50,-4.48,4.52,-3.40,-1337.00,31754.00,1.33,-1.23
30,0.25,20,3,20,5,3,2,600,1085,293,780,12,27.00,0.50,-4.45,4.52,-3.40,-1331.75,31653.00,1.33,-1.23
30,0.25,20,3,20,6,2,2,300,1064,195,850,19,18.33,0.54,-3.50,6.23,-2.64,-1026.50,25566.00,2.36,-0.96
30,0.25,20,3,20,6,2,2,600,1065,196,850,19,18.40,0.54,-3.48,6.22,-2.64,-1022.25,25485.00,2.36,-0.96
30,0.25,20,3,20,6,3,2,300,1057,257,781,19,24.31,0.56,-3.53,6.05,-3.53,-1198.00,29292.00,1.72,-1.13
30,0.25,20,3,20,6,3,2,600,1058,258,781,19,24.39,0.57,-3.51,6.05,-3.53,-1193.75,29211.00,1.71,-1.13
30,0.25,20,3,20,8,2,2,300,1068,160,899,9,14.98,0.57,-3.19,8.56,-2.70,-1053.50,26503.00,3.18,-0.99
30,0.25,20,3,20,8,2,2,600,1069,161,899,9,15.06,0.57,-3.18,8.52,-2.70,-1051.25,26462.00,3.16,-0.98
30,0.25,20,3,20,8,3,2,300,1060,221,833,6,20.85,0.62,-2.96,8.49,-3.64,-1159.00,28729.00,2.33,-1.09
30,0.25,20,3,20,8,3,2,600,1061,222,833,6,20.92,0.62,-2.95,8.46,-3.64,-1156.75,28688.00,2.32,-1.09
30,0.25,20,3,20,10,2,2,300,1068,156,906,6,14.61,0.61,-2.68,9.86,-2.77,-969.00,24669.00,3.56,-0.91
30,0.25,20,3,20,10,2,2,600,1069,157,906,6,14.69,0.61,-2.67,9.79,-2.77,-968.75,24668.00,3.54,-0.91
30,0.25,20,3,20,10,3,2,300,1066,212,852,2,19.89,0.66,-2.50,9.79,-3.69,-1067.75,26728.00,2.65,-1.00
30,0.25,20,3,20,10,3,2,600,1067,213,852,2,19.96,0.66,-2.50,9.74,-3.69,-1067.50,26727.00,2.64,-1.00
30,0.25,20,3,25,5,2,2,300,1080,208,856,16,19.26,0.43,-5.06,4.56,-2.56,-1245.50,29749.00,1.78,-1.15
30,0.25,20,3,25,5,2,2,600,1081,209,856,16,19.33,0.43,-5.03,4.57,-2.56,-1240.25,29648.00,1.78,-1.15
30,0.25,20,3,25,5,3,2,300,1084,292,780,12,26.94,0.49,-4.53,4.48,-3.40,-1344.00,31879.00,1.32,-1.24
30,0.25,20,3,25,5,3,2,600,1085,293,780,12,27.00,0.50,-4.51,4.48,-3.40,-1338.75,31778.00,1.32,-1.23
30,0.25,20,3,25,6,2,2,300,1062,195,848,19,18.36,0.53,-3.75,6.02,-2.63,-1059.75,26068.00,2.29,-1.00
30,0.25,20,3,25,6,2,2,600,1063,196,848,19,18.44,0.53,-3.73,6.01,-2.63,-1055.50,25987.00,2.28,-0.99
30,0.25,20,3,25,6,3,2,300,1055,257,779,19,24.36,0.55,-3.80,5.82,-3.52,-1244.75,30164.00,1.65,-1.18
30,0.25,20,3,25,6,3,2,600,1056,258,779,19,24.43,0.55,-3.79,5.82,-3.52,-1240.50,30083.00,1.65,-1.17
30,0.25,20,3,25,8,2,2,300,1070,161,900,9,15.05,0.54,-3.49,8.11,-2.69,-1116.25,27396.00,3.01,-1.04
30,0.25,20,3,25,8,2,2,600,1071,162,900,9,15.13,0.54,-3.48,8.08,-2.69,-1114.00,27355.00,3.00,-1.04
30,0.25,20,3,25,8,3,2,300,1060,219,835,6,20.66,0.58,-3.36,8.07,-3.64,-1270.25,30684.00,2.22,-1.20
30,0.25,20,3,25,8,3,2,600,1061,220,835,6,20.74,0.58,-3.35,8.05,-3.64,-1268.00,30643.00,2.21,-1.20
30,0.25,20,3,25,10,2,2,300,1068,156,907,5,14.61,0.59,-2.88,9.42,-2.76,-1029.00,25766.00,3.42,-0.96
30,0.25,20,3,25,10,2,2,600,1069,157,907,5,14.69,0.59,-2.88,9.37,-2.76,-1028.75,25765.00,3.40,-0.96
30,0.25,20,3,25,10,3,2,300,1071,213,856,2,19.89,0.63,-2.79,9.29,-3.69,-1177.50,28933.00,2.52,-1.10
30,0.25,20,3,25,10,3,2,600,1072,214,856,2,19.96,0.63,-2.79,9.25,-3.69,-1177.25,28932.00,2.51,-1.10
30,0.25,20,3,30,5,2,2,300,1080,208,856,16,19.26,0.43,-5.11,4.55,-2.57,-1250.75,29854.00,1.77,-1.16
30,0.25,20,3,30,5,2,2,600,1081,209,856,16,19.33,0.43,-5.08,4.55,-2.57,-1245.50,29753.00,1.77,-1.15
30,0.25,20,3,30,5,3,2,300,1083,291,780,12,26.87,0.49,-4.52,4.50,-3.40,-1344.00,31975.00,1.32,-1.24
30,0.25,20,3,30,5,3,2,600,1084,292,780,12,26.94,0.50,-4.50,4.50,-3.40,-1338.75,31874.00,1.32,-1.24
30,0.25,20,3,30,6,2,2,300,1062,195,848,19,18.36,0.52,-3.83,5.97,-2.64,-1071.00,26293.00,2.26,-1.01
30,0.25,20,3,30,6,2,2,600,1063,196,848,19,18.44,0.52,-3.81,5.96,-2.64,-1066.75,26212.00,2.26,-1.00
30,0.25,20,3,30,6,3,2,300,1054,257,778,19,24.38,0.54,-3.83,5.81,-3.52,-1249.75,30360.00,1.65,-1.19
30,0.25,20,3,30,6,3,2,600,1055,258,778,19,24.45,0.55,-3.82,5.80,-3.52,-1245.50,30279.00,1.65,-1.18
30,0.25,20,3,30,8,2,2,300,1071,161,901,9,15.03,0.53,-3.58,8.02,-2.69,-1134.75,27770.00,2.98,-1.06
30,0.25,20,3,30,8,2,2,600,1072,162,901,9,15.11,0.53,-3.57,7.98,-2.69,-1132.50,27729.00,2.96,-1.06
30,0.25,20,3,30,8,3,2,300,1058,219,833,6,20.70,0.58,-3.39,8.01,-3.64,-1275.00,30871.00,2.20,-1.21
30,0.25,20,3,30,8,3,2,600,1059,220,833,6,20.77,0.58,-3.38,7.98,-3.64,-1272.75,30830.00,2.19,-1.20
30,0.25,20,3,30,10,2,2,300,1069,156,908,5,14.59,0.59,-2.82,9.49,-2.77,-1031.50,25897.00,3.43,-0.96
30,0.25,20,3,30,10,2,2,600,1070,157,908,5,14.67,0.59,-2.81,9.43,-2.77,-1031.25,25896.00,3.41,-0.96
30,0.25,20,3,30,10,3,2,300,1071,214,855,2,19.98,0.63,-2.69,9.36,-3.70,-1158.25,28748.00,2.53,-1.08
30,0.25,20,3,30,10,3,2,600,1072,215,855,2,20.06,0.63,-2.69,9.31,-3.70,-1158.00,28747.00,2.52,-1.08
